019C6C02-922B-7E65-A27B-E3A62FA9679A,80
019C6C02-922B-7BC4-B893-C4E3EA94C437,79
019C6C02-922B-7D2C-8A15-2E192FEFEC8D,78
019C6C02-922B-78CB-882F-DBCA78B00625,77
019C6C02-922B-7F42-9CBE-4E3171996DA4,76
019C6C02-922B-74E7-A331-572929FE475F,76
019C6C02-922B-7EBD-9F07-659324895F21,76
019C6C02-922B-7EE7-9B71-64381832AA29,74
019C6C02-922B-776A-80D1-D0497BCE2D7D,74
019C6C02-922B-75A7-A0DD-C5529848236B,73
019C6C02-922B-7445-A50F-07AC113C1AEA,73
019C6C02-922B-7261-AFF2-3FCD1FC1C47D,72
019C6C02-922B-7599-968B-43FEEE1A5402,72
019C6C02-922B-752F-9266-2ED3F1B87E92,72
019C6C02-922B-721F-B32A-7C4C4B85A9EA,72
019C6C02-922B-72D8-9FCF-9F8DA02F15E7,72
019C6C02-922B-7468-B1F6-BA3750507D48,72
019C6C02-922B-708F-B02E-E14BF5DE2AE2,71
019C6C02-9229-78BD-A10C-DFB158F87924,70
019C6C02-922A-7BFC-89E6-A4ADD59C2482,70
019C6C02-9229-75EC-B19E-80C152FD9CF6,69
019C6C02-922A-7BFB-AFC7-80D7413EC1A2,69
019C6C02-9229-720C-AED8-573195156691,69
019C6C02-9229-74FB-9142-3B0A9ACD7A65,69
019C6C02-9229-7A3F-8F2C-46AC67426DF7,69
019C6C02-9229-7AB9-B392-1822C450BECB,69
019C6C02-922B-7176-A86B-EBABFA906B51,69
019C6C02-9209-774A-8EC4-B3278C2366EF,69
019C6C02-9229-704B-9672-CDDE070ACDF7,69
019C6C02-922A-7D75-92D6-B87B83BB2924,68
019C6C02-922A-7132-AF2A-D924DE006000,68
019C6C02-922A-756D-80C4-1F8686FBA074,68
019C6C02-922A-77F1-9D50-0BA1A2B16C90,68
019C6C02-922A-7BCF-9FE7-0C932CD4C316,68
019C6C02-9229-7295-B756-43FF47499399,68
019C6C02-9229-73EB-93EA-5D4BBECFBA97,68
019C6C02-922A-734C-AC10-5DB5002EED1D,68
019C6C02-922A-7D88-B8A7-9EF6BDF635C4,68
019C6C02-9229-7D6F-985F-87B33F5F5BBB,68
019C6C02-9229-79E2-A601-8FA605118624,68
019C6C02-922A-7CEF-A1AC-915FAA0CA846,68
019C6C02-922C-77F3-98DB-8CB58C7C6E66,67
019C6C02-922C-779E-9069-844EDCD4B462,67
019C6C02-922C-7C6C-8A2F-A287A782717A,67
019C6C02-922C-7AED-926A-977C75A820BF,67
019C6C02-922A-7C8E-AD17-59F3319F98E8,67
019C6C02-922C-7A62-AA5D-793A1182CC57,67
019C6C02-922C-7882-A46B-36D49C6A4D70,67
019C6C02-922C-714B-B07F-0DD1EB2CF739,67
019C6C02-922C-712C-9AF4-13BEE28DACAE,67
019C6C02-922C-7C90-94D6-D3790F43C68D,67
019C6C02-922C-7280-BDCF-EECF55FF242C,67
019C6C02-922C-72EB-AB61-B91E02225884,67
019C6C02-922A-75D5-B13B-ABC743F3B42D,67
019C6C02-922C-7B43-9F62-C7172EBE4F48,67
019C6C02-922A-7AF7-8DFA-D88D05871C76,66
019C6C02-922A-76C7-B724-89A01595E9F1,66
019C6C02-922A-7BB6-8A22-9BA9A0A507D3,65
019C6C02-922A-721C-A3AB-C7B9418D5AF2,65
019C6C02-922A-771F-946D-E44832064832,63
019C6C02-922A-7D54-8712-72374803E351,63
019C6C02-922A-7919-8EA0-5B8E2FDBD854,63
019C6C02-922A-7A03-9429-1BCA0F3F92A2,63
019C6C02-922A-767B-A009-4C7767276AF4,63
019C6C02-922A-7B58-9220-4EA0B5F66E0C,63
019C6C02-922A-79B8-BEF7-3E969A2AF3F5,62
019C6C02-922A-7E32-BB67-2E9B11B032A8,62
019C6C02-922A-75D6-B77D-6711278D13C9,62
019C6C02-922A-7A50-BD5D-8460571D5455,62
019C6C02-922A-7EA2-B113-A8DB43F7FF09,62
019C6C02-922A-769D-913B-B38A564257DD,62
019C6C02-9231-7F02-85EA-76DE201EC38E,61
019C6C02-9232-75CE-BDFD-542C42A47570,60
019C6C02-9232-7885-8D8F-76EEF27D4616,59
019C6C02-9231-775E-9D1D-71583043B41E,59
019C6C02-9232-74EF-BAD6-AA23CCE0AA36,59
019C6C02-9232-7CF1-9923-BD569F0EA5BA,59
019C6C02-9232-7941-9AD9-060DCAF128A1,58
019C6C02-9232-7C3C-879A-7DD04FBD346E,57
019C6C02-9232-75D6-83A0-BF7D7B6E793C,57
019C6C02-9232-7FF6-9D8C-8A93A6DF279B,56
019C6C02-9234-7C3D-AF67-899352A6C1D4,51
019C6C02-9234-7194-85A1-9F8A53F42DBA,51
019C6C02-9234-780B-A7A4-938B848CA9EC,50
019C6C02-9234-7F8B-BB43-6AE00F8BB10A,50
019C6C02-9234-7A91-B95E-E3C59AE9CC22,50
019C6C02-9234-75A7-8D21-E70B6E921FB2,50
019C6C02-922D-7EE8-BAE8-282EDF80760D,47
019C6C02-922C-7F1E-80E2-1650E347F479,39
019C6C02-922C-7840-A2F5-53BE13E73A43,39
019C6C02-922B-74CD-BBA7-7E2A6AE9A367,39
019C6C02-922B-7B17-A238-6F8BA3ADCD2D,39
019C6C02-9236-70BC-8363-94278F752565,39
019C6C02-922C-718C-8C41-BAD3AA68EF3C,39
019C6C02-9245-7486-A3B9-D61DFD47484E,38
019C6C02-9245-785D-88DF-8B2657B74117,38
019C6C02-922B-7DFC-868E-96FC848EF8A8,38
019C6C02-922A-73F5-ADAF-7D356ED8819B,38
019C6C02-9241-7B42-A817-53A2A24C7429,38
019C6C02-9245-7DEC-8FFA-4BD33C5D8A54,38
019C6C02-9245-7242-9DD0-3BA0D2ACFD51,38
019C6C02-9245-71B0-B8FA-7DD62B760B10,37
019C6C02-9245-7667-A59F-7FBD7439D39F,37
019C6C02-9229-749F-A9CD-303F98897E36,35
019C6C02-9244-7776-844A-5F6FD1F6FEAD,34
019C6C02-9229-7401-BF3A-FD43F5C20360,34
019C6C02-9236-7D0C-A4F7-A7F758F79E2E,34
019C6C02-9244-77A6-911D-ACACB073CAF1,33
019C6C02-9244-7DA8-8644-B548156B0180,33
019C6C02-9243-7B49-89EF-F475A82F5539,33
019C6C02-9244-70AE-861A-616DF4D5B30C,33
019C6C02-9244-700E-8996-5AD84D0D7F36,33
019C6C02-9243-7CA8-B3A5-7BEB9D84FF87,33
019C6C02-9244-792F-9F96-9BB510ADCF1E,33
019C6C02-9243-7074-8891-A76A1578B413,33
019C6C02-9243-75A5-8340-87A1C54155BD,33
019C6C02-9244-79C9-99AB-0ACC65C57ADD,33
019C6C02-924B-7EF7-9AE3-A01C127B2DEF,32
019C6C02-922D-7D74-B929-3037289A6AC0,31
019C6C02-9233-779E-B361-EA5315CB28AA,31
019C6C02-924B-72F3-9BE4-5F64726EAB07,30
019C6C02-9246-7B83-8174-5B05CD3ADCE5,29
019C6C02-924C-74AF-BEC1-6AE9C3E89E13,29
019C6C02-9246-701E-9733-68EAE7A0DD9A,29
019C6C02-924B-7279-9504-9A71F476D0B1,29
019C6C02-924C-751F-B134-953C34F53316,29
019C6C02-9246-7C45-B786-2EC83F51819D,29
019C6C02-9246-7C7D-82FC-2CE7E2898F11,29
019C6C02-924B-772B-91A3-3F715D885588,29
019C6C02-9246-7E68-8772-0A784C458225,29
019C6C02-924C-770B-AF1C-0AAC693141F7,29
019C6C02-924B-7E30-A236-02EA5B8F8B6F,29
019C6C02-9246-7067-9018-16F2466AC38A,29
019C6C02-9246-7757-9287-26D3A03781F8,29
019C6C02-924B-7F43-BB42-E787CA1F657F,29
019C6C02-924B-7E1B-B9C8-AD0889987688,29
019C6C02-9246-74A4-B9B8-B1ABB3B9CA36,29
019C6C02-9246-7026-A435-C84126BFB5C3,29
019C6C02-9246-73CE-9E80-FE5125FB1C96,29
019C6C02-9247-751B-8F65-CFBE3A478AAA,28
019C6C02-9247-7E40-87FB-BFA68A2FD6EB,28
019C6C02-9247-7BF3-B08E-BF4F3BCC9130,28
019C6C02-9246-7F6D-9875-D6D8D2A36A53,28
019C6C02-922D-704A-9434-374975C29522,28
019C6C02-9246-79D6-A532-491394772A51,28
019C6C02-922A-7B2B-B2A1-9E0ECBE0FDE4,28
019C6C02-922A-7AE9-9228-A06354FF1F90,28
019C6C02-9231-7546-A7B5-842C98E7A148,27
019C6C02-922A-7381-B858-328B8438BC00,27
019C6C02-922A-7BC0-BA27-07F9ABA09188,27
019C6C02-924C-7F69-B6C6-97D499AF1199,26
019C6C02-9231-7CC2-B7B4-95D775B58C23,26
019C6C02-922A-7ECF-9EB8-7D7B4401CC7A,25
019C6C02-924B-735B-965B-D4860F3D08DA,25
019C6C02-922A-7E4F-B94E-FAD12E1EFE3C,24
019C6C02-922A-7BBB-84B0-7373BCE4B4C9,24
019C6C02-922B-7F0A-A250-0625C9032660,24
019C6C02-922B-7256-8450-17BC6DEC715A,23
019C6C02-922D-7683-B45E-82A0748452F7,22
019C6C02-9229-71AD-9F10-960D0C4CE520,21
019C6C02-9229-74F1-9942-002B423A7456,21
019C6C02-9229-7D78-96E4-3BFA49273B5B,21
019C6C02-924D-752C-A9D1-BEBE63DB17D6,21
019C6C02-924C-7F7D-AC0E-C4B1FBBC5D21,21
019C6C02-9229-7ECB-9666-CF36C50432A2,21
019C6C02-924D-7BC5-A522-CB68CECB8D39,21
019C6C02-9229-7A55-982D-FD43310192A9,21
019C6C02-922E-7677-A105-316FD7223087,20
019C6C02-9236-7AD7-BB90-7D95640CE2B8,20
019C6C02-9236-76EA-8BFC-68051D40D470,20
019C6C02-9236-735B-AAB7-81D61A78BE11,19
019C6C02-9236-77E1-B9EE-4CA2D553A41F,19
019C6C02-9236-739F-B103-2A552ABE75C4,19
019C6C02-922A-76B7-8E98-AAF028723331,19
019C6C02-9236-720B-8C8E-E331F7313BB2,19
019C6C02-9231-770A-B142-AFD0AA9B8A87,18
019C6C02-922D-7F6D-9087-1230EA5C30CB,18
019C6C02-924A-7719-876A-548FF2117E51,18
019C6C02-922C-7607-B45F-2BA034245CCB,18
019C6C02-924A-7F12-8850-39F7E3F9F927,18
019C6C02-922D-7D63-818E-6B55FC2EF562,18
019C6C02-922C-7644-9870-7F6BE2FB09A5,18
019C6C02-922C-7C6B-9F59-7DC730E9EAB3,17
019C6C02-922B-7911-8F95-7A7E85DE84BD,17
019C6C02-9235-7921-A374-729519B31B56,17
019C6C02-922C-724E-9C8E-6E29366CB53C,17
019C6C02-9229-76B5-8C1F-63A6324226B4,17
019C6C02-9233-7E4B-99C8-63AE28014C03,17
019C6C02-922C-7A0C-8834-5D65595899B5,17
019C6C02-9229-7F7F-B455-5DBE88EEC6EE,17
019C6C02-922C-79CF-90D9-950BEA1C4867,17
019C6C02-922B-78B8-9BD1-8A095033AEE8,17
019C6C02-9229-7584-B6FF-98F2B950E03F,17
019C6C02-922E-72CA-992B-9B48024C0022,17
019C6C02-9236-71F4-9D13-A3F458E9C83E,17
019C6C02-9229-7D5C-BA69-A34B7715AF24,17
019C6C02-9229-75C4-B9D5-38CB58C8FACC,17
019C6C02-922E-7D59-82A5-36E1580D7F85,17
019C6C02-922C-7987-9E0E-3C772DB31799,17
019C6C02-922C-7B09-81EA-2FECAEDF11E0,17
019C6C02-922C-7395-9FCE-555AAA0DA8DB,17
019C6C02-922B-7A27-8AAA-52B9C3BD08C1,17
019C6C02-922C-75D0-9186-4C46B7F5967F,17
019C6C02-922C-7549-B69B-506FB3169DB1,17
019C6C02-922C-7F6D-A694-49D6A99BD32E,17
019C6C02-922C-70E1-98C1-4ACE4F6E6498,17
019C6C02-922C-75B9-A25D-4013490BD495,17
019C6C02-922B-7414-93A9-111A0910FD20,17
019C6C02-924A-795E-AF08-0C66A70F88A9,17
019C6C02-9233-7FE4-8F66-0D7F656E07C7,17
019C6C02-922E-7437-A9B1-1E4816998FB4,17
019C6C02-9230-763B-9FAF-AF572ECBFD15,17
019C6C02-922C-7D96-B328-AD1DED75D264,17
019C6C02-922C-758A-908E-AD4B9D06AC45,17
019C6C02-9229-7AFE-9C64-AD759D065A04,17
019C6C02-922C-7F19-A137-A805A2FCA1BE,17
019C6C02-922C-7FA3-9BCD-A9ADC9B0E00C,17
019C6C02-922C-7256-B8BC-B50B0A3CB16A,17
019C6C02-922C-707F-957C-BC3D7C7437DA,17
019C6C02-9229-7622-9852-B983D31EC4E0,17
019C6C02-922B-70E2-B159-B629A7F69695,17
019C6C02-922B-77E6-9F61-B742751AA282,17
019C6C02-9236-7E72-B814-C734A1855FDE,17
019C6C02-922B-77F6-8B5D-D0732DF9642A,17
019C6C02-922C-71F5-B6BB-C02B25315DD9,17
019C6C02-922C-71B4-8B2F-C13C3FC4CF69,17
019C6C02-922E-78D6-B7A1-C284855A9DBB,17
019C6C02-9234-7FC6-A826-E1BD41331DF6,17
019C6C02-922B-743D-A559-DE27BB975067,17
019C6C02-922B-722A-9134-E746E7D74A1A,17
019C6C02-922C-747B-A1E1-E69691334E04,17
019C6C02-922C-77A2-B5BA-D2CD852D4AEA,17
019C6C02-922B-73CF-8EFF-D8478DFC5478,17
019C6C02-9236-7398-A590-F41634017817,17
019C6C02-9236-7DD8-8848-F360F4276938,17
019C6C02-922C-73F0-99ED-F38CE666B38A,17
019C6C02-922E-7CA6-99AC-F66140BECB18,17
019C6C02-924A-7640-A815-ED3D44CF08F7,17
019C6C02-922C-73DF-9CCD-FE219AAF2CCC,17
019C6C02-924C-7B71-B526-F739E0A21F8C,16
019C6C02-922D-7F03-8CA2-D722A53B7820,16
019C6C02-924A-78AA-80C6-DECC3CCD26EB,16
019C6C02-9233-70E6-B799-BDA6C1E593C0,16
019C6C02-9235-7A34-B942-C98FFAA5FAD3,16
019C6C02-9229-703B-9D2D-BB0E571335F2,16
019C6C02-9233-77E5-8CAA-AC7470FCAAE5,16
019C6C02-922B-7101-8A7C-1DB0F037FDE8,16
019C6C02-924C-7D96-8400-2B9C5291C7E1,16
019C6C02-9233-7E09-B6F9-12D69DC13A28,16
019C6C02-9234-7793-BBF2-03871B8DAA3A,16
019C6C02-9229-7A3A-8037-5068291D18F2,16
019C6C02-9229-7B60-9C81-350D1959C32E,16
019C6C02-9236-7735-B18A-37DB4599E113,16
019C6C02-922D-7901-AF9F-A6753ED34C07,16
019C6C02-9234-71F9-B99C-8B0E8A87ACA3,16
019C6C02-9229-79B1-82D8-8B62C7BB84E5,16
019C6C02-922E-77F2-8E45-6F4D5C9B8413,16
019C6C02-9233-751B-BC0D-7721812A439A,16
019C6C02-9229-731D-BC60-77CFCA45F8CC,16
019C6C02-9235-74D1-A638-7D63EE4EDBED,16
019C6C02-9229-7486-A684-7D1D8225CDCD,16
019C6C02-922D-70DC-9BBA-7E505EA33080,16
019C6C02-9236-77A9-AA9B-7DD8EE08E18B,15
019C6C02-9235-77BC-985B-7969A8DC8775,15
019C6C02-9247-7821-928E-716DECDFEBE5,15
019C6C02-9236-7B5C-ABFD-84B2AEEF7411,15
019C6C02-922D-762E-A17C-85B5A632E8A0,15
019C6C02-9235-7B99-8051-9AC813BB3A98,15
019C6C02-922D-7EAE-B091-32CBB845269A,15
019C6C02-924C-7EEC-A2FE-4F5997D8B9A7,15
019C6C02-922D-75F6-B588-4025ABC29D3B,15
019C6C02-922D-77CE-AE9C-4A56D76808C8,15
019C6C02-9235-7515-8BCB-1FAB5ED8BC5E,15
019C6C02-922D-7F5E-9C5E-ABD512730CE1,15
019C6C02-9235-7B92-A5E1-A8FF65AEECCB,15
019C6C02-9235-7217-816F-B9EE979409A5,15
019C6C02-9234-7234-B35A-B9A7F80517E0,15
019C6C02-9236-7962-8F2A-E2476C3310B5,15
019C6C02-9236-7951-B55F-F9C66BD719CC,15
019C6C02-922E-7690-A23E-F56E8F045F64,14
019C6C02-9229-7E65-9838-F1E90A4F041D,14
019C6C02-9235-7583-954A-B40101498AC8,14
019C6C02-9229-77AF-9DE3-AB5A8A5473EF,14
019C6C02-9235-7B8E-BCCD-B0F8204247B9,14
019C6C02-9229-7F8D-B4C7-C199E2D339FB,14
019C6C02-9229-7B76-9DF6-C5A7F4E64FF6,14
019C6C02-922F-7578-90BC-176D8CE5ED71,14
019C6C02-922C-7116-A0B0-04B02BE08B85,14
019C6C02-9229-7FDA-B3FD-06B6B0945714,14
019C6C02-9235-787E-A4CD-4BD369B9720D,14
019C6C02-924A-701F-9A29-47B1C9378621,14
019C6C02-9235-7175-BEE4-5726EB33788D,14
019C6C02-9235-78A9-B82E-A7CE0924E29F,14
019C6C02-9229-72AD-A10B-7169E1C8A51D,14
019C6C02-9229-7BBA-A28C-7D7742A164F9,14
019C6C02-9235-74D4-829E-6B1205094883,14
019C6C02-9233-7BBE-BAF3-645E76857DE1,13
019C6C02-9229-73D8-807E-5EA8FEDD86F3,13
019C6C02-9229-74F0-98A0-61ADA71DF3CC,13
019C6C02-922C-72B7-B174-57C7A57CF77A,13
019C6C02-9229-71F3-A316-7D205CA79340,13
019C6C02-924F-7A98-A81C-7273C592DFCC,13
019C6C02-922D-759D-8D62-787891DFE638,13
019C6C02-9235-7FAE-89E3-A0A13966BC20,13
019C6C02-9229-7708-836D-9DAA8E8B040B,13
019C6C02-9229-7EC7-91E2-96BCC027F3C2,13
019C6C02-9229-762F-840B-56BBB17B0055,13
019C6C02-922F-7C03-8CE1-53B0B97073AF,13
019C6C02-922C-7D98-99C2-3E7B1E18C0F1,13
019C6C02-9232-7B9E-B4A4-017A040A79B3,13
019C6C02-922E-747C-91B7-173C9240D880,13
019C6C02-9229-7698-B6E6-285A617C0E06,13
019C6C02-922C-7040-9B37-C658424A235D,13
019C6C02-9229-7F24-87E8-C414AA8CB029,13
019C6C02-9236-7EC4-B2D6-B346AF02612E,13
019C6C02-924A-73D6-997B-FC7C59FD017F,13
019C6C02-924A-7CB9-BE03-D3E8E31A2CE8,13
019C6C02-924A-7C44-A956-D91EF5E818D3,12
019C6C02-922A-7FE8-B352-E35203DB1B60,12
019C6C02-922A-787B-B257-FB1AD8A420FB,12
019C6C02-922A-7394-9F14-EF2AA7EA1C22,12
019C6C02-9235-791E-98CF-B867823ADB4F,12
019C6C02-9247-78DC-962D-C3333ECB763D,12
019C6C02-924A-7C93-A3EC-29B430F7EAC6,12
019C6C02-9229-73E8-85EA-253E0F865B3A,12
019C6C02-9245-709F-AB89-03BF87ABD141,12
019C6C02-9236-7F25-8EEC-141DC9953992,12
019C6C02-924A-7CC5-8C97-3C57C552F2CD,12
019C6C02-9235-7692-82A3-9A87CA1B0D5B,12
019C6C02-9232-7E7F-81B6-9C1666BD6D88,12
019C6C02-924A-7378-8DF1-A4197B392841,12
019C6C02-9232-76BA-9963-73BA6E38292D,12
019C6C02-9236-71BA-B1AD-742FFFCAB6BF,12
019C6C02-9236-741F-9FDA-7AB1A9392CEB,12
019C6C02-9245-7A53-AD6A-57C400065D80,12
019C6C02-924A-7B78-B42F-673638CB9F94,12
019C6C02-9243-7A5E-A6DD-6639656E6CF8,11
019C6C02-9243-7F35-A1E1-6A9EEEF78DF9,11
019C6C02-9229-7C71-8FE8-67D83D62211C,11
019C6C02-9229-763C-98F7-5D23E8846D11,11
019C6C02-922E-7522-8D50-5CB1FA4161D4,11
019C6C02-9229-776D-8301-78E9C7028F23,11
019C6C02-9236-7697-B494-750B667D32BA,11
019C6C02-922A-7C8E-BC62-7288B95B3234,11
019C6C02-9235-7097-92FB-A4C205B970FB,11
019C6C02-9236-7D96-B4AC-9B0FCF07646F,11
019C6C02-9235-70EA-951E-96788C930FCF,11
019C6C02-9232-7BB6-8BB3-863FCCC71BC2,11
019C6C02-922C-7532-AD75-810CE5452625,11
019C6C02-9229-7C46-894F-8278E16F7304,11
019C6C02-9231-7857-8E5F-8EB9ABA72A67,11
019C6C02-9236-7241-B643-94EFA289B653,11
019C6C02-9236-7CB3-B684-91B14DEBF093,11
019C6C02-9235-7ECC-8D14-3B3693FB2015,11
019C6C02-9243-7FB3-83A4-37005E5DCC27,11
019C6C02-922E-7905-BD56-3736D0AC70E3,11
019C6C02-9243-7EE7-A25E-2C037E5E2395,11
019C6C02-9235-7454-934C-4C92A56F36EA,11
019C6C02-9232-79A1-8443-3FE6B78D22C5,11
019C6C02-9235-7A46-BE69-10D7E74E6A5B,11
019C6C02-922A-7A8C-90C3-CF27D3A95F65,11
019C6C02-9236-7D49-9293-C92408D43FBB,11
019C6C02-9235-77A5-9D70-BB79E0ADE9C5,11
019C6C02-924F-785B-8CB2-B9B1EFBEA0DB,11
019C6C02-9236-774F-940E-AEF7B989E6E9,11
019C6C02-9235-7BD0-A5D2-A9E779C7F40B,11
019C6C02-9236-750A-AAB8-EEBED97B4BF9,11
019C6C02-9235-76BC-AB3B-FB1C66EF43D4,11
019C6C02-922E-7900-9FAA-E6D0C63C21BF,11
019C6C02-9236-78BD-9904-D1A175B0A06B,11
019C6C02-922E-700D-8397-D2CCBA6D5C17,11
019C6C02-9235-7E6F-B49F-FEEA8E7C2927,11
019C6C02-922A-7868-8BCC-D578DEDCE2C4,10
019C6C02-922B-7B34-9E58-D7EA4BE51687,10
019C6C02-924D-78C1-8818-E785276145B8,10
019C6C02-9246-7A17-A503-E46C90B6035B,10
019C6C02-924E-7190-A216-E1263E85747A,10
019C6C02-924E-70F3-8048-FB3D7AC9FACE,10
019C6C02-9244-764F-A2CE-FC3D4628576B,10
019C6C02-922A-713E-8B31-F46011202AA3,10
019C6C02-9232-73D3-A44C-F7D1CB9A9E9E,10
019C6C02-9246-76CE-839E-EBD4E47F7713,10
019C6C02-924D-7FAF-884B-AC4D89FFC58E,10
019C6C02-922D-76FE-A0F6-AE24459E1112,10
019C6C02-924D-7988-8E97-BAF4F37DD30F,10
019C6C02-924D-7032-9A42-CDB855AE1BAB,10
019C6C02-922B-707F-B22A-C6691D03E84A,10
019C6C02-922B-7431-ABE8-BC8C37523563,10
019C6C02-9243-77EF-9D8E-0DFF4E2950EE,10
019C6C02-924D-7828-8566-04020303C402,10
019C6C02-924E-7DFD-BC5F-04540AE87233,10
019C6C02-924D-70C1-A242-00D8B96E3390,10
019C6C02-9246-7EAF-BF45-19E40C1B4FFF,10
019C6C02-9235-75FB-915B-1E3EFC70D093,10
019C6C02-9230-774E-B7D9-401F9B4F4FB1,10
019C6C02-924D-7723-90E3-3FB7F98C8ECC,10
019C6C02-922A-76FA-86B9-4C5F3D9A0D68,10
019C6C02-9229-7F48-BC09-51FBE8FBC1C5,10
019C6C02-9232-79CB-9F79-570C6FAF2694,10
019C6C02-9245-731C-ABF1-2D799869FC96,10
019C6C02-9246-7B4A-8E4A-3235B2F4A52D,10
019C6C02-9229-7220-BC90-8F0F79554D99,10
019C6C02-9232-743D-A0CB-8C841A25F22F,10
019C6C02-924E-7F48-BF96-85F43CC41807,10
019C6C02-924E-7C95-A79C-85FA19B1DDD1,10
019C6C02-9229-7E2A-A33D-99794B4EE5D7,10
019C6C02-9229-74D4-8152-9DAA387FB80B,10
019C6C02-922A-7739-8B15-A5B7DFD82A3D,10
019C6C02-922A-7F70-A74D-A0312BA06E28,10
019C6C02-9229-7FE9-B5B5-729F1AF8D219,10
019C6C02-924D-7763-979C-701CD722A646,10
019C6C02-924D-72BB-AF00-7049E1A7815C,10
019C6C02-9229-7037-BA0B-74644014F981,10
019C6C02-924D-76E3-ACD2-7633883C038A,10
019C6C02-922E-756C-B562-6962226C97E1,10
019C6C02-924D-7751-9F36-6C565281AAE8,10
019C6C02-924D-7A70-AF83-67951A8FB0BE,10
019C6C02-9232-7550-9DF8-619CB270AD23,9
019C6C02-922D-7066-BBD3-6B81CD35207C,9
019C6C02-922B-7C11-96CE-69BB85339254,9
019C6C02-9230-77B9-B4B4-597B30149730,9
019C6C02-9234-7FF1-B048-70933718E9F2,9
019C6C02-9230-789D-832E-70D429A138A3,9
019C6C02-922D-7F29-90EC-79AC0147BFB1,9
019C6C02-9230-7D73-B3A0-7B67AEC9B825,9
019C6C02-924A-762A-9B8E-A485A2ABED55,9
019C6C02-9249-7A94-B263-9D06A4881794,9
019C6C02-922B-741D-B6BB-9D3A7B833C07,9
019C6C02-9230-702E-BF93-87E0A621BEA4,9
019C6C02-922B-709F-AF2D-949B2622D873,9
019C6C02-9230-75C0-B7CC-9436E04C183D,9
019C6C02-922B-73B0-A676-3F1BF6C856D0,9
019C6C02-922D-709E-9827-1B02E4E65C20,9
019C6C02-922A-76C5-B551-2574B14B8266,9
019C6C02-922B-71D3-A2F4-227F04554605,9
019C6C02-9235-7B4C-ADEF-2A94246DD2DF,9
019C6C02-9229-7BEE-8B82-14D79964A985,9
019C6C02-922A-78B5-98AA-D1255BEFE1A0,9
019C6C02-9229-78D6-ACA2-AD7D71280507,9
019C6C02-922A-70F7-828C-AAE3DF0AA275,9
019C6C02-922B-7DA3-AAD8-F03478399392,9
019C6C02-922B-7B0D-85F4-DFCED2911560,9
019C6C02-922A-77B7-B002-D50B2BC494B5,9
019C6C02-9231-7D07-8290-D44197AF6B28,9
019C6C02-922E-763C-BCCF-E94ABB86283F,8
019C6C02-922A-7CB5-AEEF-FA3BF90795A2,8
019C6C02-9234-793C-B214-FA25FABC99DF,8
019C6C02-922F-7C0F-AFC2-B32FCCD0CDD0,8
019C6C02-922E-71B7-A9B5-C78790580C0B,8
019C6C02-922A-7E39-A4CC-CA87DE93AEAE,8
019C6C02-922B-728B-9AF8-C6613FAC9405,8
019C6C02-9235-73E3-95A3-28FEAFA009F3,8
019C6C02-924C-74A3-B700-287CF7DB9791,8
019C6C02-922A-7D1E-9BFD-28E2C8E21D0B,8
019C6C02-9234-7541-8FF2-259F7F78E9F4,8
019C6C02-9245-777E-A73D-1BF39EF92B3A,8
019C6C02-922D-7DB2-8511-1C286448B0B4,8
019C6C02-922A-7A7C-AE2B-1CAF38ADBA35,8
019C6C02-922B-74AB-81EA-1D295A953BC3,8
019C6C02-9234-7B5F-8000-3EAC197D48C4,8
019C6C02-924A-75D4-B243-52D7F92AFE4B,8
019C6C02-922C-71BB-8BDF-40C1FFF94356,8
019C6C02-9229-78FF-A3FB-4BF861285296,8
019C6C02-922A-78CF-AD94-94BDD4C2A2CF,8
019C6C02-922A-77D0-B5F7-9A5E10DD4E3F,8
019C6C02-922A-7969-80C7-9884A9C0D996,8
019C6C02-922D-70A9-B350-958BA55A81DC,8
019C6C02-922A-7845-9F74-A5ED52E2C640,8
019C6C02-922E-749F-9DC2-A4DE151C6B80,8
019C6C02-922A-720A-B0DD-9FE00C047D5E,8
019C6C02-9245-7861-8A4F-9EEC606D781E,8
019C6C02-922A-7950-AEFF-9FABCB8B1F7A,7
019C6C02-9245-7A27-936D-A5325B3C4B0F,7
019C6C02-9229-7E2D-8568-943BDFC995EE,7
019C6C02-9245-7C10-B0A4-919C13E24D6F,7
019C6C02-922E-7A3E-8282-9329E64AD2A1,7
019C6C02-922B-78EB-B0F8-8E658B5A75AD,7
019C6C02-922B-7B5F-A446-88016B9F91BE,7
019C6C02-922A-7A52-990E-89723FBB7998,7
019C6C02-9229-7231-9FD9-826D8E76DE06,7
019C6C02-922A-7A95-B5DE-7D7A770892C7,7
019C6C02-9245-7335-9A0C-7F756B75EF94,7
019C6C02-922A-75BC-85EF-709C3EFE8AFF,7
019C6C02-922A-738B-9D00-7086855B61FC,7
019C6C02-9245-789F-A257-6C2AF3C0B911,7
019C6C02-922D-7657-B577-5A093C729C57,7
019C6C02-9236-75A6-B58B-5CE621995E03,7
019C6C02-9231-7139-932C-61AE0374A0B9,7
019C6C02-922A-7564-857E-5F1EEE7F386A,7
019C6C02-922B-7383-A54D-698A6731CD08,7
019C6C02-922D-7135-8603-6A71B9D59CA0,7
019C6C02-922E-7BA7-8BE2-499B7C53AF7D,7
019C6C02-922A-75C8-AE44-48AFDCCF1F7F,7
019C6C02-922A-7AA1-A408-410AB23A92F9,7
019C6C02-922A-737C-A1B9-42F932170991,7
019C6C02-922A-77D9-B320-423C19BC9203,7
019C6C02-922D-7386-9E2F-5593975E1749,7
019C6C02-922A-798B-BCCB-55C58C0D3CAB,7
019C6C02-922A-76EA-B745-4CA6629F51C9,7
019C6C02-9232-7EE2-9230-4F89C6594C5C,7
019C6C02-9235-777A-BA2A-50A0DDA3E429,7
019C6C02-9236-7F8C-8319-3E9255F8D433,7
019C6C02-9235-71ED-98E0-3D9D40DF1D94,7
019C6C02-922A-7169-9D33-3DCE295AD8AE,7
019C6C02-9236-71BB-945F-3AD21117A62A,7
019C6C02-922A-7A99-9E92-399E357932D5,7
019C6C02-922A-7C64-9EBF-39EE545954A1,7
019C6C02-9245-7A80-A269-33EB223CB965,7
019C6C02-922A-7824-881C-2E3EEFDF7664,7
019C6C02-9236-7611-9A65-19665E4D6807,7
019C6C02-922A-7608-9A97-258D3F0D9224,7
019C6C02-922E-7E1E-956E-226B8FA268C8,7
019C6C02-922A-77C3-A32D-2A8EB1BE7460,7
019C6C02-922E-7B21-AE57-16CE5707F590,7
019C6C02-922A-76D2-82CE-0DEEE429A9F8,7
019C6C02-922A-7B66-B953-0EE3F653E439,7
019C6C02-9245-7187-8761-0CFBA90FC0C8,7
019C6C02-9229-7BD1-8E07-09CAB6E3F61C,7
019C6C02-9229-7378-9D90-0A68CB1570F2,7
019C6C02-922A-79F1-8EBF-C36E63E412E1,7
019C6C02-922A-7709-8E7E-C46343BB6534,7
019C6C02-922A-7204-B8BA-BCEC703ABD92,7
019C6C02-922D-79FB-9E10-C1057E374FFF,7
019C6C02-922A-7C39-9B46-C2048E7FEA8F,7
019C6C02-922A-734B-A5B1-C9FA5DCC23EE,7
019C6C02-922A-7DC1-BFA5-D08A8E11027B,7
019C6C02-922B-7133-9270-CF1ECF73C9F2,7
019C6C02-922A-7F0F-9A56-B2C9F305CF41,7
019C6C02-9236-7499-8D0B-B4A06FCDD25C,7
019C6C02-922A-7285-8539-AC89A65CD7A8,7
019C6C02-922A-72B5-9F87-A81502FB7F5E,7
019C6C02-922D-7F93-8DF5-AD288DCB3EDA,7
019C6C02-9231-7FDF-A55D-FA28F837E61B,7
019C6C02-922A-7069-9A2E-FA47143EDD3A,7
019C6C02-9231-7E03-A48A-F7AFC78A3607,7
019C6C02-922D-70C4-BA56-F5BB4F6767C7,7
019C6C02-9229-792D-936F-F4FA6FC69B60,7
019C6C02-922A-7457-A501-F3ACE16E6048,7
019C6C02-922B-7569-A869-EAD4749835AC,7
019C6C02-922A-75FF-9690-D59BB5807898,7
019C6C02-922A-7BBF-9F76-D5DBD16510A0,7
019C6C02-9231-7C8E-ACD9-DB867EA67EDE,7
019C6C02-9236-7EC6-BA4D-DEE201F5CCE5,7
019C6C02-922A-7D70-B5E9-E46A71E5A385,7
019C6C02-922A-7BCC-8BC1-E6B2954A4197,7
019C6C02-924D-716F-B911-E536BFA6F1A4,7
019C6C02-922C-782A-A98C-E699433CB061,6
019C6C02-9245-7C40-B174-E76E9DD165FD,6
019C6C02-922E-75F0-A8DA-E4DF50FACCFF,6
019C6C02-922B-776A-B969-E4F68276D9B6,6
019C6C02-922E-73A5-82CC-DCB4513A82DB,6
019C6C02-9245-7F13-8ED3-DA95BCFFB9C0,6
019C6C02-922A-71FA-8CCF-DAE01BE93FE2,6
019C6C02-9232-7DD3-B9E3-D822D103E044,6
019C6C02-922A-7EEE-8D57-D8686F1A5E15,6
019C6C02-922C-7A0E-A82F-D88362F96864,6
019C6C02-922C-7B7A-BE99-D603DA9785EE,6
019C6C02-9229-7255-9960-D60BB3AF0F54,6
019C6C02-9233-7039-AA53-D66965EC8BF2,6
019C6C02-922C-773B-A527-D33351C21376,6
019C6C02-9245-7083-BC1E-EBB8B0FCCE1A,6
019C6C02-922A-787E-AF36-E9707BC9502B,6
019C6C02-922D-74D5-9E6C-EF57046C6C85,6
019C6C02-924C-717E-B671-F18790EA73F8,6
019C6C02-922A-761C-8D23-F0661766FADA,6
019C6C02-922A-7A08-8510-EF01400BB2A1,6
019C6C02-922D-76AD-96B5-EE74601E52C2,6
019C6C02-9245-7B32-94C7-EE509CC71F1D,6
019C6C02-9233-7B40-B5EA-F5063AC1EED8,6
019C6C02-922A-7155-906F-F7E72E1D3EBD,6
019C6C02-922E-7179-B72C-FC93D36DDB55,6
019C6C02-922A-77F9-95A6-F925D5DA36FA,6
019C6C02-922E-7C57-9D05-F83FB256961E,6
019C6C02-9231-7ECB-AA5F-B1B4F6B4FDB6,6
019C6C02-922A-7B10-A533-AF603015A4ED,6
019C6C02-922B-704A-8DB8-A8FCAE57B084,6
019C6C02-9233-7AB6-BCED-A97C8957E742,6
019C6C02-9233-7582-8792-AA97FA3C6518,6
019C6C02-9231-781D-9A3F-B4B7BD8B29A4,6
019C6C02-922C-7680-A9DF-B43541E283B1,6
019C6C02-9245-7D7C-A3F6-B331CD9EDFA2,6
019C6C02-9229-7312-8E59-B35140B7A918,6
019C6C02-922E-710C-AEFA-BB16B26C8D3C,6
019C6C02-922A-7898-BD0B-CA25D3AF1F81,6
019C6C02-922C-7BCB-8F52-C3A81AEB7590,6
019C6C02-922A-7B0A-9D83-C664D203F777,6
019C6C02-9245-7796-9386-C1FB8597C3A1,6
019C6C02-9245-7ECC-9A6E-C500505FDE60,6
019C6C02-922A-7B5E-8CD3-FE9F4EC8B58F,6
019C6C02-9245-7F7C-A73C-FF3C47CC647F,6
019C6C02-922A-75D2-ABA0-FF71FA4F157D,6
019C6C02-922C-7F14-85B3-FD9E6DF40D60,6
019C6C02-9245-7370-8D75-FFE037EE3FAE,6
019C6C02-9231-7E7D-BDBD-08EEA868968A,6
019C6C02-9240-7EFC-B3CE-00C8D22394AB,6
019C6C02-922A-7562-943C-10F5472C47A2,6
019C6C02-922A-7A60-BB46-16EA3EB67104,6
019C6C02-922A-7CFF-AB56-2A029478E897,6
019C6C02-922A-73EE-BAA7-27BEFBE6BDF3,6
019C6C02-922A-745F-8485-2167AD325F6A,6
019C6C02-9245-7030-ABDC-258F89EA52E5,6
019C6C02-922A-7B76-9909-2568D30A9A0B,6
019C6C02-9236-7DFD-9DEA-26715F90AE2F,6
019C6C02-922B-7E49-9A27-19ACBE5788A5,6
019C6C02-9229-7A77-A1D3-18220629EC35,6
019C6C02-9229-7D74-8CE3-1AD7282D8E95,6
019C6C02-922C-7B64-9B1E-1C344BC0E84A,6
019C6C02-922A-7C62-8E34-204EC5C89E8D,6
019C6C02-922D-7E9B-B16A-2EF94DBCA594,6
019C6C02-9231-7C2E-A8D2-2FE4D7BB6BEC,6
019C6C02-9245-7A9D-97AC-2FEB91D42CC3,6
019C6C02-9229-7D03-BAA0-30A374818F5B,6
019C6C02-9244-79A4-B5EF-3479003798EA,6
019C6C02-922A-76BF-8020-348A8E3D8DE0,6
019C6C02-9246-7A64-8EB4-394D8F7360E5,6
019C6C02-922A-7E88-AFEE-3886F979915C,6
019C6C02-922A-71AC-B5D2-3A7666BF7B4D,6
019C6C02-9229-77EA-B284-3B2E8E99C8D7,6
019C6C02-922B-75C6-8E20-3F5AEF1E7419,6
019C6C02-9233-78EF-998E-4E1BB67168BB,6
019C6C02-9229-7682-85B8-5624CFC7E7BB,6
019C6C02-922A-7974-BE07-5180165D66DE,6
019C6C02-9229-7C8B-A131-43005B5D549A,6
019C6C02-9245-760D-B7B4-4B2F5F65D30E,6
019C6C02-922A-7397-8BEE-6BB30B61EB77,6
019C6C02-922A-7CAC-B86B-5F31C5968338,6
019C6C02-922A-7BC3-8983-5EB9166D9885,6
019C6C02-922A-76F7-87E5-60F4222B86E5,6
019C6C02-9233-7CB8-8F32-587C3D7B58E0,6
019C6C02-922A-7D58-A17E-58E43510E3B2,6
019C6C02-922E-71CC-BF2E-70B221344120,6
019C6C02-922B-79DC-96DD-72DBD52A2759,6
019C6C02-922B-7BC4-989D-71E801DE2360,6
019C6C02-922D-738B-8A24-7819D64A648B,6
019C6C02-922A-7D07-AC9F-7443958A8143,6
019C6C02-9245-7546-9C63-758F28C3FB62,6
019C6C02-922D-7212-AEA2-7F5A79E6EB05,6
019C6C02-922A-7370-A7D1-7AC9E9FF6A18,6
019C6C02-922A-78C8-A475-7C7B6162524E,6
019C6C02-922D-7701-86A2-7D6FC36B8529,6
019C6C02-922A-7F2C-98A7-825B0EA8FC6E,6
019C6C02-922A-73E2-9BE5-84D161DA6478,6
019C6C02-922E-7E16-A512-8573343EED50,6
019C6C02-922C-729B-B860-846693F10AF5,6
019C6C02-9232-77E5-B231-848A3B8F8200,6
019C6C02-922A-76D1-8AB8-88CD96DF316E,6
019C6C02-922A-73FE-94B9-8817BB76CE48,6
019C6C02-9245-7703-9D1C-93AF991C2EF1,6
019C6C02-9229-7BB3-BC95-A67E48DEE713,6
019C6C02-9245-73DE-A639-A73C3870DEF0,6
019C6C02-922A-7F59-82E4-A76233A17602,6
019C6C02-922D-7E14-9AD4-A435BBF65BA8,6
019C6C02-922A-78E0-9573-957373156F8A,6
019C6C02-9233-7AAB-8031-9A11A4BEF0A6,6
019C6C02-9235-74DB-AC78-9D2E788B974E,6
019C6C02-9230-78B4-BE28-9DAFD86CC076,6
019C6C02-922B-771A-9FD5-9E9F5826EE7A,6
019C6C02-922A-739B-AFEA-9B0D658896E7,6
019C6C02-9229-7F85-9E2F-9C3861C7EAF7,5
019C6C02-924D-77FD-AF30-9A6F50440F91,5
019C6C02-9233-7F19-A20A-983FCCA7BF4D,5
019C6C02-922A-7F6A-8298-97C5FB372921,5
019C6C02-9244-7D32-AB7C-A26FE0C4212A,5
019C6C02-922B-734F-82A0-A10B039905C5,5
019C6C02-9246-7E32-BC77-A61BA0CF0B6B,5
019C6C02-9245-7010-8AE6-93EC767AE61A,5
019C6C02-922C-7F1C-BA97-94D782CB3429,5
019C6C02-9229-75F3-BA99-8D41A9B22AEB,5
019C6C02-9234-7F86-993A-8B16ECCE00D3,5
019C6C02-9245-7688-A313-8A1F2234A8E3,5
019C6C02-922B-7884-AFBA-87CADB03A409,5
019C6C02-924B-7B05-8C25-8977ED916CDB,5
019C6C02-9233-7AB7-B36C-857EA2BFDCE2,5
019C6C02-9245-7CB3-BFD1-7D3B95B23083,5
019C6C02-9235-7C1C-B64B-7B0B910FC757,5
019C6C02-9235-79DF-A697-7C2A7B1BA89F,5
019C6C02-922C-7B1A-887A-7FE441F3A150,5
019C6C02-9245-7AF7-94FD-8031616528FD,5
019C6C02-9235-72A9-8243-7FD3EAE8F65C,5
019C6C02-9235-73CA-8E03-80B9E383427A,5
019C6C02-9244-76FC-A856-7543DD11151D,5
019C6C02-9231-76C5-8E13-78ADCAA1889D,5
019C6C02-9231-789E-ACFF-76BFF484404B,5
019C6C02-9229-73F6-A6FA-731923DF5D93,5
019C6C02-922A-76E7-AE47-77C681BB3EA0,5
019C6C02-9245-7AE4-825F-6DAFA0D3FFFE,5
019C6C02-922B-7040-B61C-6F7FD0CB2A7F,5
019C6C02-9233-76C3-9DC5-6F80F85C00B3,5
019C6C02-922A-7641-8E4E-58E79F07B1BA,5
019C6C02-922A-7B05-B010-58F778C4457B,5
019C6C02-9235-7481-8638-5B18B71BCC48,5
019C6C02-924B-7F4A-9357-5AF91C772C88,5
019C6C02-9235-7640-9FF2-5BE4E393BF97,5
019C6C02-9231-7E17-B875-61E85E5279DE,5
019C6C02-922E-7636-9942-5EBAF2CEEC3D,5
019C6C02-922A-76B5-91D9-5D8CD21D4561,5
019C6C02-9245-7F65-AB60-6C7BB17BE975,5
019C6C02-9229-7855-9860-69CC3AE3F3AA,5
019C6C02-922C-75C6-B8BB-649C45F3CCC8,5
019C6C02-9235-71ED-A652-65DCF2265D4C,5
019C6C02-9246-7342-95C8-439CF88DE6DE,5
019C6C02-9229-798C-BB6C-448E5429329E,5
019C6C02-9234-72C9-9978-5259E7C26F25,5
019C6C02-9236-70C0-96A9-4D07A9B9D475,5
019C6C02-9233-7A3B-AF38-4D84924C9442,5
019C6C02-9235-7E48-9C82-3F153911C4F2,5
019C6C02-9233-7411-9FBA-3BD925347705,5
019C6C02-9231-7C73-91C3-3884B8221EE6,5
019C6C02-922E-79E4-B01E-391393177EA8,5
019C6C02-922B-7436-88AE-34FA9CAC7D5D,5
019C6C02-9235-73ED-A838-35753156C6C7,5
019C6C02-924B-77C7-A24E-35F0204622EC,5
019C6C02-9235-7B94-A6BC-36AC43E9AF5E,5
019C6C02-922D-7B6F-B38D-20BC1D410B67,5
019C6C02-9231-7D5B-BBCE-2001CD1241D1,5
019C6C02-922F-7111-B820-20091F1CF270,5
019C6C02-922A-7EE4-AE45-2019DAF46D60,5
019C6C02-9229-70C6-AC93-1E88A7617D80,5
019C6C02-922A-7A60-A6B3-1D9733ACE062,5
019C6C02-922A-7596-BFC8-1B8AF7A4E50E,5
019C6C02-922C-74BE-9DB2-1C20CC07BCA6,5
019C6C02-922C-77FA-960E-1C33F5F44C11,5
019C6C02-9229-7EF9-AD0F-191BBDA55DDF,5
019C6C02-9232-7E13-A255-195565F4B4B6,5
019C6C02-9229-7D6F-9023-195741D69F4F,5
019C6C02-9229-737C-BD90-195A29790F7A,5
019C6C02-922D-7E73-9BF4-17EFBD9DCDCD,5
019C6C02-9232-7B90-95FB-15BD7E5BA234,5
019C6C02-9245-7607-A2B7-2644E4F2F131,5
019C6C02-9246-744B-8225-227E037B9486,5
019C6C02-922A-7480-BAA9-2245027A8453,5
019C6C02-924B-7EAC-A0D1-2288652EAC9E,5
019C6C02-9231-7E76-BCCE-23D5238E6837,5
019C6C02-9245-7FE7-AB84-24482CDE243A,5
019C6C02-9229-76B8-BDA5-2B0F487D86B5,5
019C6C02-924C-7CA1-B26B-16F041C5ED9D,5
019C6C02-9247-7EF0-9EE6-16547AF424C8,5
019C6C02-9229-728C-B472-15491631CD5E,5
019C6C02-9229-706E-954C-1135CD87CFB4,5
019C6C02-9231-7426-ADE1-10759A4EFF5B,5
019C6C02-9244-7E71-B1B7-0CCCCFD609BB,5
019C6C02-924B-749E-B320-0BB5122461DF,5
019C6C02-9229-71A5-8040-0C662AE7E11B,5
019C6C02-9246-7556-9F42-06373904950E,5
019C6C02-922A-73BC-A445-0491D2E53C48,5
019C6C02-9235-720F-813D-0B00423CC9F8,5
019C6C02-924D-7C2F-9016-C50CBEDA0CB6,5
019C6C02-9246-73F5-8C41-C65E3794C08D,5
019C6C02-9231-7620-88CF-C3DF503AD899,5
019C6C02-924C-707E-A04F-C34DBFC4BCEB,5
019C6C02-9244-70E1-81DF-CE1553A86E3A,5
019C6C02-922D-74D0-A774-CE2F1898D463,5
019C6C02-9244-7E06-A98F-CD767542C4A3,5
019C6C02-9245-77A2-B019-D1BBE93785AD,5
019C6C02-9245-7A46-9D9E-B91026BEE017,5
019C6C02-9231-7ABD-B388-B665B1C1A97C,5
019C6C02-9244-7030-93DC-B68749BF33AD,5
019C6C02-922A-725C-946D-B3203E365CEF,5
019C6C02-9245-70F1-8EE6-AC0FCEF42FD0,5
019C6C02-9233-7F8C-8E33-B142E6E1B28E,5
019C6C02-924B-7FF1-B87E-AE1FB870B3B4,5
019C6C02-9245-77B4-9BD0-FD633FB8EED8,5
019C6C02-9232-7E2B-8F5B-F5DF7B1E6055,5
019C6C02-9245-7126-BF5F-F61060CD7A7A,5
019C6C02-9245-735C-9F8E-F455A889E6EF,5
019C6C02-9231-7E49-A2A5-ECAB00E311DE,5
019C6C02-922B-7163-B1A4-EA192E1C0C9C,5
019C6C02-922A-7621-AD33-F09F4E58FF4C,5
019C6C02-922A-73EA-9BCD-F0ECA6F14CCD,5
019C6C02-922D-7B49-89F3-E7D57D13397D,5
019C6C02-9229-7290-B2C8-E93DFA855640,5
019C6C02-9231-7AEE-A3BB-EBD361F70F44,5
019C6C02-9246-7E94-83F4-D43B240D3391,5
019C6C02-9244-78E5-B8E5-D7A82DB67135,5
019C6C02-9245-775F-922B-D8833F706A79,5
019C6C02-9231-7E2B-9358-D75E99E74DDA,5
019C6C02-9229-79AB-863A-D6AA648CCE41,5
019C6C02-9245-7E04-BC8A-DA79AFA9A1B7,5
019C6C02-924D-783F-A7C3-DFE97050F429,5
019C6C02-922A-7263-9074-DFAE578DE9B0,5
019C6C02-922B-7C08-956D-E0A14BE6C23F,5
019C6C02-922C-78C0-BD43-E3457318C59D,5
019C6C02-9229-7C56-BFCC-E4C35BB3DE15,5
019C6C02-922F-7077-9B57-E45860E1767F,5
019C6C02-9245-7EFE-AAE4-E439F8407D21,4
019C6C02-922B-7D9F-AFEE-DF31B944E48B,4
019C6C02-924C-7BBD-B3B4-DF7B700A5117,4
019C6C02-924D-73BE-B377-DE364E589866,4
019C6C02-9234-79FF-9BF9-DE839932CE34,4
019C6C02-922C-7829-8BA5-D9FA62E915F8,4
019C6C02-924C-7B4D-98D2-DAD01DB68E5A,4
019C6C02-9246-70D6-94E5-D781889B52F8,4
019C6C02-922A-7AFA-87D3-CFB116D684F7,4
019C6C02-922B-7C6A-B255-E9E4557352A3,4
019C6C02-9235-70B8-AEF6-E9913C6D4D73,4
019C6C02-9243-7D77-8D3A-E7DB9871447E,4
019C6C02-9232-79B2-A6BC-F1167B0AA1E4,4
019C6C02-9229-701E-8EE4-EF805F54086B,4
019C6C02-922A-7C7D-8A30-EFFB21671AC1,4
019C6C02-9245-7675-936E-ECB1AB89B112,4
019C6C02-922B-737E-ADD8-ED8EB6AFA4E0,4
019C6C02-922D-72AC-A6BB-F2D2D39D5A12,4
019C6C02-922A-790F-A9E4-F615DF44A1BF,4
019C6C02-9233-7904-B632-F7D8120B41A3,4
019C6C02-9234-7E23-A287-F68FE2137743,4
019C6C02-9233-787E-B4BC-FA4BF6D191BD,4
019C6C02-9234-7665-83B3-FB7E88FB9F24,4
019C6C02-9245-7DCB-A735-FB83BC1E6F9D,4
019C6C02-9246-7D90-92B8-AEEF1C077B9F,4
019C6C02-9235-79FD-8D34-B0B7E63741D7,4
019C6C02-9246-7440-B10B-B0EE1CD1C616,4
019C6C02-922A-7E1D-98BF-A94AA75108DA,4
019C6C02-9235-723F-AC27-A7ECF91A8F95,4
019C6C02-9234-708F-B3B5-B5DE670D2EF6,4
019C6C02-9234-704F-A23D-B402970A9CDC,4
019C6C02-9234-78F2-849C-B35F38A05E00,4
019C6C02-922C-703E-944D-B33A0A5EB88A,4
019C6C02-922B-729C-B613-B23FE42AB0AB,4
019C6C02-9243-7F39-8D98-B9DD13F7CED6,4
019C6C02-922A-7ED4-97C7-B8208ABE01E8,4
019C6C02-9243-781E-8208-CF3C3DD16D91,4
019C6C02-9246-7D92-B4F8-CD91321757F2,4
019C6C02-922B-7A7A-A999-CD2A0377AF5D,4
019C6C02-9234-7976-B8FF-CD61C6564F30,4
019C6C02-9244-7260-97CF-C9E1516A2823,4
019C6C02-9244-73E0-9B2B-CAA0A006BF3C,4
019C6C02-922A-7875-A751-CC467870BCC7,4
019C6C02-9235-770D-9B58-CC4868FECE6F,4
019C6C02-922A-7DEB-9E8E-C6E85646B92D,4
019C6C02-9246-71D5-BE74-C41A67EE32D3,4
019C6C02-9236-72A5-B334-C59F38DD1049,4
019C6C02-9233-79A4-BE7D-C2A2617358FB,4
019C6C02-922D-7829-B119-BEC54A616496,4
019C6C02-9244-74D3-B5AA-BC85AF2658D0,4
019C6C02-9229-7E62-BAFD-BEA4196B0083,4
019C6C02-9233-7A47-B627-FE78D7B1EB51,4
019C6C02-9232-79C7-9433-FE7F3F80CEB0,4
019C6C02-9234-7396-9BA0-FEF03CCC1226,4
019C6C02-9234-79AD-BFDA-095DE8C7DADE,4
019C6C02-922E-7D1C-B951-08A3CB9B0BD5,4
019C6C02-9246-7EC5-B1B8-0905CDDAED73,4
019C6C02-9246-75F3-9D21-09420D54473B,4
019C6C02-9232-7687-B0AF-080079FD95A8,4
019C6C02-922B-78C2-8434-0816F1430123,4
019C6C02-9234-73E7-8FE1-018B47BECB07,4
019C6C02-9232-7CB0-8248-01A6B7B8F036,4
019C6C02-9230-71A0-B6AE-0C819FE89264,4
019C6C02-9234-7210-A89C-107B0DE59E38,4
019C6C02-922E-7E2F-9A82-0E2070C6A731,4
019C6C02-922E-72AC-B8E8-0E7C239B613D,4
019C6C02-922E-7C3F-BEB6-0EBDC1ADF443,4
019C6C02-922A-7B12-9676-11B96DF9DD7E,4
019C6C02-9245-74C8-A937-26F955545660,4
019C6C02-9244-7088-A8F9-272B016652E5,4
019C6C02-9235-7B90-8E6E-27516023451A,4
019C6C02-9235-71F6-A5B0-2789C1323E1F,4
019C6C02-9234-7955-B725-28F93C6B3671,4
019C6C02-922B-742C-AA2C-239F4FEDF956,4
019C6C02-9245-72F1-A914-22C91EA6B8C6,4
019C6C02-9245-765F-9950-25287842CB80,4
019C6C02-9245-7D03-9B5F-1C47B1C5C181,4
019C6C02-9235-7135-94D8-1DD09A40F7E2,4
019C6C02-9236-7608-89DC-1DD1E312A761,4
019C6C02-9232-7E98-9AA7-345B271FF57D,4
019C6C02-9245-71D1-9A63-325D50967EBF,4
019C6C02-9232-7F19-91E2-31E9AD41E615,4
019C6C02-922D-7910-8969-32117F6353DF,4
019C6C02-9246-7008-9EC0-30ADCD4A0CBA,4
019C6C02-922E-7283-93B0-2F566B87DD54,4
019C6C02-922A-700B-BD39-30233187D946,4
019C6C02-922D-78B8-BA22-2E0816CE0450,4
019C6C02-9246-7D6E-9ADA-2E3AA8E32354,4
019C6C02-922A-7911-992B-2C15C4DABECA,4
019C6C02-9232-77F5-A973-38B216A3288B,4
019C6C02-9235-710B-8F73-398AAE46FA09,4
019C6C02-924D-7495-94BF-3A1DDE2550BA,4
019C6C02-922A-73B8-BEF4-3A42E90CB8F2,4
019C6C02-922D-72BB-9194-38022358D880,4
019C6C02-9244-728F-AEEB-3CC9C93855C1,4
019C6C02-9245-7371-8415-4C962B8FCBBB,4
019C6C02-922A-7A54-B0DD-4FD2BB42C1B2,4
019C6C02-9234-7D7A-8559-5172C548CEE2,4
019C6C02-9244-7118-8B67-55617F09C9D1,4
019C6C02-924D-7138-BC42-452F9EC5BD4D,4
019C6C02-9245-7376-ABC9-4537B0ABA639,4
019C6C02-922D-7535-97B7-410E20DCC1AE,4
019C6C02-9234-7CC2-BA59-407EE6F377C2,4
019C6C02-9232-751C-B763-3F4DF65B4A2B,4
019C6C02-9245-7622-9845-49F43E7E5CED,4
019C6C02-922B-789F-9FFB-48A90B42085E,4
019C6C02-922A-7693-9C19-4574A56A8DA6,4
019C6C02-9244-758A-BC89-462FE63521C5,4
019C6C02-9231-746D-B867-46580A0577A6,4
019C6C02-9245-7D00-A456-661D0B315647,4
019C6C02-922B-7359-9A5B-643DAC15357A,4
019C6C02-9245-7E01-B973-6658A212F2DF,4
019C6C02-922F-77A6-874D-671C3F5E0F99,4
019C6C02-9246-7DBE-B136-66E3801738B5,4
019C6C02-9234-78BA-B0C0-66E9FECAA9EE,4
019C6C02-9231-7FB2-A8D0-6A22AB05EE2C,4
019C6C02-922C-70A9-B60B-6CAC04CB8EF6,4
019C6C02-9245-733D-BE1D-6BAC4B02A1F4,4
019C6C02-9233-7828-8E09-617A96C831F4,4
019C6C02-9245-7537-8419-5FECFC1D48C5,4
019C6C02-922B-7DAD-9974-609D28699F4D,4
019C6C02-9244-7555-B8D5-73AD73F1D271,4
019C6C02-9234-759E-A736-71753BE807F2,4
019C6C02-922A-7F24-9B98-78527A988011,4
019C6C02-9234-76CF-8305-789B19E11A91,4
019C6C02-9245-7773-8F02-781A3BF8FCEE,4
019C6C02-924C-7C09-A1BA-79F19CCC83E2,4
019C6C02-922E-77EB-9613-84CB3AB34173,4
019C6C02-922E-7D36-8579-84A665F927C2,4
019C6C02-924D-7BB1-9B7D-83D92035EC1D,4
019C6C02-9244-7860-9FCF-894C3CB11D73,4
019C6C02-922B-798F-9B84-873742B98177,4
019C6C02-922C-75E9-85A6-869504DA6759,4
019C6C02-9234-7D99-92FE-87049D214AFF,4
019C6C02-922E-735A-891C-84FEB2CF7AA4,4
019C6C02-9246-75FA-919C-8A49A9600771,4
019C6C02-9236-7EE3-B3B3-8D74008C43D5,4
019C6C02-9233-7448-AEAA-8D9CC41E11AB,4
019C6C02-922B-7F5A-AC78-8F519583DAD1,4
019C6C02-9243-7C6F-A3F7-8BB5BB429DD7,4
019C6C02-922B-761E-AA35-8B4D8DF17CC4,4
019C6C02-9233-7A6E-AA5E-8CE1F9426517,4
019C6C02-922D-7EB2-A7C7-952168A2CD59,4
019C6C02-9232-7703-82AC-95494B7E42C0,4
019C6C02-9229-72E5-8F8E-948A3E9E8A5C,4
019C6C02-922B-78FE-81D3-93F17375B04B,4
019C6C02-9246-7405-BCB8-93716EB3A4B3,4
019C6C02-922D-7A37-9611-92C770A212E3,4
019C6C02-924B-7CBE-AACE-91BD326AE3B1,4
019C6C02-9231-78AE-9E9B-A7350C2078CA,4
019C6C02-922C-789B-B33B-A77629B16E75,4
019C6C02-922B-7CFE-A852-A69EF2D92068,4
019C6C02-9232-7B15-B75C-A6C01B254EDF,4
019C6C02-922A-79D6-B65E-A39B07D5E075,4
019C6C02-922E-7177-8148-A450AE5EA92C,4
019C6C02-9232-7BA0-96E4-A5EDA71461B8,4
019C6C02-9235-7FC2-BDC4-A486DC349DC6,4
019C6C02-9234-78FB-970C-A50399F8F70B,4
019C6C02-922C-7B50-A07E-A15C42CE5C04,4
019C6C02-9246-7996-97D3-A18B0E3D4BB7,4
019C6C02-9234-710B-83BE-A0C78068DB4E,4
019C6C02-922B-7054-B29D-9F9B019ED54F,4
019C6C02-922A-765E-9BE7-9869622095E4,4
019C6C02-9234-7F2C-B886-9A657AA5A6C8,4
019C6C02-9232-779A-877D-9EBFCF66E5EA,4
019C6C02-9245-72DF-B950-9D7360536FDE,4
019C6C02-9234-7A1A-BAA0-9D8153582BF9,4
019C6C02-9231-7FE1-886E-9D1D77601B05,3
019C6C02-922F-74EE-94D2-9E5230388758,3
019C6C02-9230-7015-BE79-9B3D30DE4902,3
019C6C02-9243-7441-9204-9C3F8D33F3F1,3
019C6C02-9244-7F6D-99BF-971D40C525DB,3
019C6C02-9230-7635-8C20-97B4F6CAD02E,3
019C6C02-9244-7228-B16A-A4E6CF6C9FFD,3
019C6C02-922D-7173-9D51-90518C0E849D,3
019C6C02-922A-7C43-AEB8-92F376C027DE,3
019C6C02-924D-796B-95A3-946FD1D8734E,3
019C6C02-922A-792C-ADC5-9470CBE394D7,3
019C6C02-9232-79A8-B79A-951159C8E2E1,3
019C6C02-9232-7F2D-A99F-8F84F0C634A8,3
019C6C02-922B-75D9-B98A-89C52D97BCB0,3
019C6C02-922E-7F3E-B2CC-8AA676EA1663,3
019C6C02-9243-7564-BEBA-85E620D4DE39,3
019C6C02-922B-7AEA-A9D9-88E544246EFD,3
019C6C02-9231-75C0-B4E5-87E4B51915EF,3
019C6C02-9236-7626-BF8B-832FBA29EC2D,3
019C6C02-9230-7BCF-85D2-8176BB7A984C,3
019C6C02-9232-7EEE-9BD6-8184CB89681C,3
019C6C02-9232-786A-AC8D-8469F02BCE0A,3
019C6C02-9246-7AF8-8037-858E6973B961,3
019C6C02-922E-7070-B338-78F7291C5604,3
019C6C02-9231-7EF8-ABE0-7912B3A5CBF2,3
019C6C02-9232-764F-A55C-7936864EAE34,3
019C6C02-922B-7148-880B-80BEA6AACF9F,3
019C6C02-922B-7080-A8AA-80E4F4E952AC,3
019C6C02-9243-79B5-AEDA-7F721641D24E,3
019C6C02-9230-7EDD-A663-7630320E4220,3
019C6C02-922B-7DDA-9D74-73FBFF302B14,3
019C6C02-922B-7608-A0C7-712230726710,3
019C6C02-922B-73DD-8325-6C074BBDD3A1,3
019C6C02-9230-7DE7-9251-60A0F3FC009A,3
019C6C02-9231-7E31-BD06-60A31C0D3F8F,3
019C6C02-922A-7FB3-9EBC-621BA98E0870,3
019C6C02-922E-7E52-A593-5E5A7F21ADC3,3
019C6C02-9230-7B0A-87A5-59E01DBB4E43,3
019C6C02-9231-77CA-BC8A-5A817D29F881,3
019C6C02-9243-7723-8794-5D0DEC41B8C4,3
019C6C02-922A-720A-A1B5-58FC792B7629,3
019C6C02-9231-7305-ACC0-5843985D65F5,3
019C6C02-9230-7FAF-85B6-5A0959FC84AD,3
019C6C02-922B-72A9-8D18-5A1130126DFE,3
019E4C55-8DE8-733D-B136-6BF6C6267A7F,3
019C6C02-922B-706A-B1E2-69B30D7A4B2F,3
019C6C02-9232-7470-9232-69B9A05DA481,3
019C6C02-9232-7CAB-BA9A-6994D05D9164,3
019C6C02-922E-7CF1-868F-683D3DA71FF0,3
019C6C02-922B-7AF7-8D40-66617D61A408,3
019C6C02-922B-7C81-A9C9-66D111FFE239,3
019C6C02-9231-7C53-BFAA-6604E0C30923,3
019C6C02-9235-772B-9E1C-659839DA2DB1,3
019C6C02-9230-73D2-B879-43C75E611FA9,3
019C6C02-9232-755D-9950-455F1ED914C2,3
019C6C02-9232-79D7-AFCA-4723C15DE519,3
019C6C02-9230-7057-8270-4A4F332B778D,3
019C6C02-922B-7621-8531-4C17497B9675,3
019C6C02-9232-78AB-82BF-4209505F76EC,3
019C6C02-9231-7FE3-9564-411B9303B529,3
019C6C02-924D-7ADD-9DDC-411BCABB111F,3
019C6C02-9231-7C6D-8E22-4286C3DBEAB6,3
019C6C02-922A-7A56-986C-56A934B225AD,3
019C6C02-922B-7C83-A1FF-56B8DBD55415,3
019C6C02-9231-7373-AAB7-51E8169D6DDE,3
019C6C02-9243-7A30-8ED6-506B2438B7FC,3
019C6C02-9230-7326-B9B1-50B4EEEE8765,3
019C6C02-924B-736A-90C3-4D4CD36AB7C1,3
019C6C02-922E-798C-8544-4D9E2E86D76F,3
019C6C02-922B-7DDF-B781-4C5604A4F417,3
019C6C02-9231-7B23-A5D9-3CF692A61630,3
019C6C02-9243-7BF7-91B0-3E4F8A1B6E25,3
019C6C02-9243-76BB-BD91-3F414B3D3D9C,3
019C6C02-922B-7E72-B49F-3F65AE1D3F06,3
019C6C02-9232-7CC3-A1BF-3C65D80250E7,3
019C6C02-922B-7B78-A5C2-3C86840CE459,3
019C6C02-9230-7FD6-B7B2-3AD334479400,3
019C6C02-922E-701A-8CC6-3857347CC07E,3
019C6C02-922F-7E19-AC92-373718926C13,3
019C6C02-922B-7525-B537-3A2F586B0C3E,3
019C6C02-9243-77B6-A715-394105DCDD71,3
019C6C02-9229-7662-AF04-39084BF0DA53,3
019C6C02-9232-7D89-9DAA-2CE893C5799D,3
019C6C02-924D-7A20-B926-2D1BB0A0DACA,3
019C6C02-9231-7576-8E57-2D2A2C40603A,3
019C6C02-9231-738D-BA25-3101D8652BA9,3
019C6C02-9235-734A-BA4E-3211A0D4ACEA,3
019C6C02-9245-757F-B6B9-315AE58098C9,3
019C6C02-9230-7AE8-B049-3428BD29F4DA,3
019C6C02-9246-7D13-B3F2-32D66070E9D4,3
019C6C02-9231-7C2F-ABC3-33317368BE18,3
019C6C02-9232-70B3-8C32-35B5233B8093,3
019C6C02-9243-72D4-8D2A-35C8E4344B25,3
019C6C02-9231-7C06-94C7-35506A25B3C3,3
019C6C02-922B-7EAD-AC84-1E015FBA8248,3
019C6C02-9243-79E6-AF03-1E3CB6773F55,3
019C6C02-9232-732C-9150-1E45E255B2EC,3
019C6C02-9230-72DA-B5BA-1EECD3F2ED82,3
019C6C02-9232-78EA-8B87-1F39FA219AB8,3
019C6C02-922A-7AE9-A90A-191FD6BC8074,3
019C6C02-922B-76DB-8005-253EFFA3A19C,3
019C6C02-9232-7C2A-86C3-26D04B9B9955,3
019C6C02-9232-7719-A940-21FB56F4482B,3
019C6C02-9230-7334-AA72-286F47594127,3
019C6C02-922B-72AA-8153-27D3A060936E,3
019C6C02-922B-7F21-8E2E-27FCA7E39C44,3
019C6C02-9231-70DD-BA05-2AE84EE89BB2,3
019C6C02-9245-7685-B659-2928FE51E06B,3
019C6C02-922B-7FBA-AC98-12471FB6D229,3
019C6C02-9231-70D3-A74F-115125571257,3
019C6C02-9243-7AE4-85DA-14501A287F42,3
019C6C02-9232-7040-AF80-14C951C52684,3
019C6C02-922E-7030-8128-12E384A69D4C,3
019C6C02-9230-782A-9028-12ED4A660ABD,3
019C6C02-922D-7944-ABA2-15A46B31D15D,3
019C6C02-922A-7041-9BC5-0EDC10E03B93,3
019C6C02-9231-72F0-8B12-0E33423B1A55,3
019C6C02-922E-725B-86D3-0FC1C6C542AC,3
019C6C02-9232-7982-8883-0B4F5665057D,3
019C6C02-9232-7B02-B8F2-0C203D1609EE,3
019C6C02-9231-7E69-AA59-01449A6422A6,3
019C6C02-9231-7A9C-8E96-0527FB809B67,3
019C6C02-9232-77D2-860A-057DBE0959A4,3
019C6C02-9230-76B1-95E8-048585976F09,3
019C6C02-9243-7A24-BF0B-07D8F19FEEB2,3
019C6C02-9243-7220-8084-095683FE87DB,3
019C6C02-9232-7FE8-BB57-0B1F6F3D9978,3
019C6C02-9231-7171-A886-FFD6B3C3FD31,3
019C6C02-9243-7BC6-A797-FE593E8932A9,3
019C6C02-924D-7020-959B-BED6280C0214,3
019C6C02-922E-7E06-9878-BEE324E05239,3
019C6C02-9232-763D-85D6-BCF068D7447A,3
019C6C02-9245-75FF-9EFE-C2F7023A8F6A,3
019C6C02-9244-71C5-8AD1-C20C03132D70,3
019C6C02-9245-7429-88A8-C2491A1A9473,3
019C6C02-9243-7A55-83DE-C100E4E75A68,3
019C6C02-922B-7DF2-87AA-C5851C4DB1A9,3
019C6C02-922B-7F5F-811D-C5C120E6EC57,3
019C6C02-9232-7C15-9FB0-C61C81EFB002,3
019C6C02-9245-77D3-88B3-C4510C871BAA,3
019C6C02-922E-7419-9A31-C703F411E9D5,3
019C6C02-9230-70EC-99A3-C66E2935B358,3
019C6C02-9230-70BF-8B73-C78A1EE2CE92,3
019C6C02-922B-718E-A980-C8FA93FA281B,3
019C6C02-9243-728F-B49F-C90E97F94B59,3
019C6C02-9246-74CE-90D9-CB42D852FD03,3
019C6C02-9231-7D68-B3E1-CB5227E3EA8A,3
019C6C02-9230-73C8-B47C-C9E488C8BAF8,3
019C6C02-9243-7D07-96E0-C9BBB1117737,3
019C6C02-922C-719D-BEA4-C9CD9088C734,3
019C6C02-9232-7CB2-A617-CCA0F307491A,3
019C6C02-9244-7B5C-8386-CE19941AEC08,3
019C6C02-9232-74FE-B6AA-D23F4774A80A,3
019C6C02-9246-7DCD-84FA-D25BB00D366D,3
019C6C02-924D-7062-9E17-D12A272E0BE9,3
019C6C02-9247-77C3-8667-D145547579EF,3
019C6C02-9235-754C-9A40-B7DEDE8A7099,3
019C6C02-922B-7590-9110-B70D9A9B5F0C,3
019C6C02-9232-760B-AA4A-BAB88A252CB6,3
019C6C02-9231-7304-9CD4-BBE0170F656D,3
019C6C02-922B-711D-BC15-BC1F951FBFB8,3
019C6C02-9243-73BE-8F0F-B2AAE9992099,3
019C6C02-9232-7893-B778-B46FDFCD0E4F,3
019C6C02-9244-7B63-A8B4-A8883F912987,3
019C6C02-9230-7BD1-B928-AA3AD8870A87,3
019C6C02-922E-781C-9D45-AC7999089778,3
019C6C02-9235-75D3-B0DC-AA7ED7626AEA,3
019C6C02-9230-74E2-82DC-AB9C8DDA06B1,3
019C6C02-922B-7732-AA23-AB03E7F2CB11,3
019C6C02-924D-7F98-B074-AFAEE9E0DD44,3
019C6C02-9243-7B7A-A57E-AE1FA8C69118,3
019C6C02-9230-7E51-85C0-F9269C23D6B3,3
019C6C02-9229-7727-ABA6-F97FD514FF42,3
019C6C02-9231-7B89-BCE9-FA50BD67730C,3
019C6C02-922B-76B9-85E3-FA869B3886E3,3
019C6C02-9231-7BF3-B328-FBEB86A0F9B1,3
019C6C02-9234-7F17-B064-FD6AEEEC63BF,3
019C6C02-922B-7B1A-9505-FCBE2557126C,3
019C6C02-922B-7D3B-980C-FCDD6B45CC03,3
019C6C02-922B-7C47-9505-F34A64F9C210,3
019C6C02-9245-7F6E-8455-EE083860704D,3
019C6C02-922E-728B-887C-F145C8A5A785,3
019C6C02-922E-7C8F-808F-F29A81EB6B1F,3
019C6C02-9245-7DB4-9461-E97795911817,3
019C6C02-9243-7791-AA0F-E8E65B7D6176,3
019C6C02-9243-73D0-9288-EA1344D29C01,3
019C6C02-9243-781A-9719-EB761C3DB066,3
019C6C02-9231-7249-8943-D1AC8A39438C,3
019C6C02-924D-77DA-B8B4-D4ACE58DE6A3,3
019C6C02-922B-7E01-89B2-D4D3D9F4AE67,3
019C6C02-922B-7B2F-B2C5-D50D5BAF7ADB,3
019C6C02-9243-7EC8-A5FB-D5311097237A,3
019C6C02-9232-75CA-9A4F-D713CDAC9EC8,3
019C6C02-9248-7EEC-93EF-D8D8F2ED724F,3
019C6C02-9243-7B45-A4D6-DB8B47C51A06,3
019C6C02-922B-7231-99E3-DA97409B892C,3
019C6C02-9230-7B78-BCA8-DD1068CEE1C2,3
019C6C02-9235-74A4-9938-DD7A7C386AF0,3
019C6C02-9243-78B9-965F-DDD4C587C994,3
019C6C02-9246-7EEC-9A88-DDF04787CB51,3
019C6C02-922E-7389-B6FE-E2EA0E492B33,3
019C6C02-9234-7576-AD67-E32D04FFC5AA,3
019C6C02-9231-77FA-A5B7-E23D05467EB6,3
019C6C02-922B-7A29-8F2B-E01C16E4AF17,3
019C6C02-922E-7062-8A44-E170C75F56B9,3
019C6C02-922F-78C3-B65B-E6F50EB4D6D5,3
019C6C02-922B-7C92-B099-E73FE4C55DAB,3
019C6C02-9230-7C46-9332-E742249670CE,3
019C6C02-924D-7F45-9DF4-E657CB1974DC,3
019C6C02-9231-740C-B243-E6BF2373A814,3
019C6C02-924D-71B0-9621-E4435532F693,2
019C6C02-922B-795D-B987-DBD5362D8198,2
019C6C02-922F-721E-8257-DC7FD081252E,2
019EEC52-2475-72B4-B5A3-DC4BCCEFACF2,2
019C6C02-9235-7BFD-98AA-D900AFF3B7C8,2
019C6C02-924B-7356-AB55-D2DFC13035ED,2
019C6C02-9230-77EC-AB15-EB0ED334E37B,2
019C6C02-924A-7897-B592-EB597C7BA0F4,2
019C6C02-9249-7AAA-9E5E-E7D9A21B1178,2
019C6C02-9248-7D18-B858-E7F681415A11,2
019C6C02-9235-7ADD-83E1-E8045CB58499,2
019C6C02-9248-7E58-9324-E8925F17E0AD,2
019C6C02-9235-72CB-8303-F01227D58147,2
019C6C02-9246-7EBA-B93A-EE1A0D2028A4,2
019C6C02-9246-76A5-B845-EE7F76A4745E,2
019C6C02-9235-7C6C-B238-EF03510712AC,2
019C6C02-9235-75D9-8D7E-ECB195677853,2
019C6C02-9235-72C5-B027-F33753FE4322,2
019C6C02-9235-7E9A-930B-F3F5D23B9EEE,2
019C6C02-9230-7533-8A15-F7F93C011F6D,2
019C6C02-9248-7EC2-B237-FC5F00764C3E,2
019C6C02-924A-72F5-BB09-FC0777279C85,2
019C6C02-9235-7769-9AD2-FBBB6FEF6D50,2
019C6C02-922B-776A-AE52-F8C0F4A9D050,2
019C6C02-9247-78DC-BEA7-ADB4077370F3,2
019C6C02-922A-7BA7-B45A-AEE6C7891C4C,2
019C6C02-922B-72E0-9FB2-AD4F8314C74C,2
019C6C02-9247-711E-AEC3-B1296BD39F24,2
019C6C02-9245-7964-B484-AC5703FD0E77,2
019C6C02-924B-7E6A-AA89-A835C6F3396F,2
019C6C02-924B-7223-8BCA-A7FE327C2DC2,2
019C6C02-922B-7E42-9B55-B4E2300CB0F1,2
019C6C02-924D-710E-B96A-B4EBB2FD1E13,2
019C6C02-9247-715F-923C-B31FFD7BE4B8,2
019C6C02-9249-71C6-9AD9-B2D9414B2070,2
019C6C02-9245-79F5-A773-BC4CF5868204,2
019C6C02-924D-7B03-ABC3-BBA2287B0971,2
019C6C02-9245-7097-A425-B9F4DF153B1B,2
019C6C02-924D-7EF4-BCED-B7D1F261BAFA,2
019C6C02-924F-7932-97BA-D192C933CACA,2
019C6C02-9247-757D-AB0E-D26720ED0A26,2
019C6C02-9248-7A14-B915-D269549FC938,2
019C6C02-9246-7A36-82ED-CF8D3ED5CF07,2
019C6C02-9234-7A27-B7BC-CFD83FA1229D,2
019C6C02-922B-7E4B-8756-CA2FBC9CF827,2
019C6C02-922B-7F77-BF9C-C66DDCDF929F,2
019C6C02-9230-749C-8E15-C3629B67068D,2
019C6C02-9246-799F-BE07-C62232D7D2D2,2
019C6C02-9246-7FB8-B0C4-C60128DA80B0,2
019C6C02-9235-7049-AC59-C18E9ACB0439,2
019C6C02-9231-7FDF-B43F-C2BF7C2CB356,2
019C6C02-922E-73A6-92FA-BE1B5A6B7B4A,2
019C6C02-924D-7B6D-8A72-FE6406AD0923,2
019C6C02-9245-7CF2-8463-0B45785B0888,2
019C6C02-9245-7E92-8A8F-0AFA4E744143,2
019C6C02-9235-7B12-A8A5-0A1F4107E0FE,2
019C6C02-9235-765B-9D0B-04CC1F3B7D5A,2
019C6C02-9245-799A-864B-0678D690A032,2
019C6C02-924D-78E6-9873-06955FD6D40A,2
019C6C02-9235-7F4A-97C2-034A726EF2E8,2
019C6C02-9230-795C-A27E-01DF0374D385,2
019C6C02-924C-730E-9B96-0191F86379CE,2
019C6C02-9248-7B9B-AF6C-0C213262BCBC,2
019C6C02-9245-7597-87CF-0BEFC3A29521,2
019C6C02-9245-7326-A276-0C04CB8F6C43,2
019C6C02-9247-79D0-BABB-0F0B64D56E52,2
019EDDC7-23AD-725A-876D-0EAA8897E6E3,2
019C6C02-9246-762F-BC8B-1205D9525FA9,2
019C6C02-924C-75E5-A496-154B077E4D97,2
019C6C02-9235-7FF6-91BC-125ECC000FE2,2
019C6C02-9246-7408-A288-29B8AFB78AB7,2
019C6C02-9245-78A3-99DE-27986FA9DE35,2
019C6C02-9234-770C-828D-22156CEA6E5D,2
019C6C02-9248-7CBF-89F9-21815652D338,2
019C6C02-922B-743E-B7ED-224F98653860,2
019C6C02-922B-7445-BF75-267E88DF981E,2
019C6C02-924C-7DF3-8CE8-263E798969F7,2
019C6C02-924B-75F7-BEF4-233A8541165F,2
019C6C02-9245-7A93-99AC-2589AC6AB18A,2
019C6C02-9232-724E-98CD-1964F5EF6F5F,2
019C6C02-9233-74B4-8F0A-1715C1E86E7A,2
019C6C02-924A-763B-B4D5-176E36ABE8A2,2
019C6C02-9230-7BE4-AB10-1C0FC03DACC7,2
019C6C02-924B-7663-A784-1B9D18722722,2
019C6C02-924B-7BAE-8B4C-1B55B473EC3E,2
019EDDC0-7221-79E2-A28A-2055E35F912E,2
019C6C02-9247-7203-B59A-355DAACCD717,2
019C6C02-922C-7880-8EAD-36917347EF9E,2
019C6C02-924D-7B16-AAA3-36CDCBADAC71,2
019C6C02-9235-7538-890F-338D11279DB0,2
019C6C02-9231-7FC9-B766-324BEDF58BA8,2
019C6C02-922B-751B-8FF4-2C4D451814B0,2
019C6C02-922B-7DD1-AF18-2BA31A8F0C75,2
019C6C02-922B-7885-BA71-2BACB689EE19,2
019C6C02-924B-710D-A91C-30A59D8FC858,2
01A08794-8CFF-7350-8A39-2F2AB3D9669F,2
019C6C02-924D-7844-9C3A-38FD4D86C18E,2
019C6C02-9245-7426-B0BF-38B1B27A2239,2
019C6C02-922B-70A3-8841-38214AFF4BA6,2
019C6C02-9249-7BC3-B6A6-3B238132F2CE,2
019C6C02-9231-74D9-A685-3CBC8849CF52,2
019C6C02-924B-7031-9443-3BBFF314068E,2
019C6C02-9234-74F1-83E1-4B268ED5E8DE,2
019C6C02-922B-78DC-B965-50627805F847,2
019C6C02-922B-7439-B828-51F4E0A11F94,2
019C6C02-9248-76C8-BD44-5178FBFBEC27,2
019C6C02-9230-71B7-B79C-50F62DCBD315,2
019C6C02-9230-7CDF-BD21-510D513922EB,2
019C6C02-9245-7B68-9ED8-514151978CBB,2
019C6C02-924B-79AD-A370-52C8CC5FC324,2
019C6C02-922B-7260-8773-44C24E896290,2
019C6C02-922B-79EE-923C-43A9B0A69C3A,2
019C6C02-9235-77B6-810E-4039BCFCCFFF,2
019C6C02-9245-724C-B603-4B3D388C00C7,2
019C6C02-9235-7FB0-900B-4864143B20C8,2
019C6C02-922B-7638-8063-488E7E77E51A,2
019C6C02-9249-72AD-9C89-46361BBD4E06,2
019C6C02-922D-786A-BFF2-64F106BE5978,2
019C6C02-9231-7499-8258-6299EA4B431C,2
019C6C02-924C-723A-830D-66E14E8EF54F,2
019C6C02-924D-7A7A-A930-6646357CC328,2
019C6C02-9235-7AB0-9CCA-685F3DE55FE7,2
019C6C02-9247-7AD5-96D1-688128E2A739,2
019C6C02-9245-7F0C-A848-67F52B74CDA2,2
019C6C02-924C-74CB-AE55-68387C21228A,2
019C6C02-9230-7169-9F98-6BDB9CF7F0FF,2
019C6C02-924C-7A2F-A9E9-6CC6097A8965,2
019C6C02-922B-7264-A92F-6D63DDEF51B1,2
019C6C02-9235-7DEB-B3B2-689E33DB89DB,2
019C6C02-9246-72D4-AAAB-5A20172A5AE3,2
019C6C02-9230-77D6-853C-5A4DD31C0C14,2
019C6C02-9245-7782-AFD4-59C00A65EBCA,2
019C6C02-922B-7C0C-9C70-5C714A06F179,2
019C6C02-9235-7719-AFB5-5EA94796B6DF,2
019C6C02-9230-74EC-9C93-624F18474BAC,2
019C6C02-9247-7475-A3A8-5F7A5BF25DB8,2
019C6C02-9248-78DD-828E-6D7CF9ECEE34,2
019C6C02-9234-782C-9A1B-70EBE34D351A,2
019C6C02-9246-7412-A5DA-7462565297A8,2
019C6C02-9247-7F22-BD0B-747DD8EFFED3,2
019C6C02-922F-7D89-B5ED-74C81DCF5AE4,2
019C6C02-922C-7CB1-998A-75C329B8E500,2
019C6C02-9246-7BF5-A4FB-75F6086292BC,2
019C6C02-9235-7168-94F4-7ED1BBB8F95B,2
019C6C02-922B-75D1-A3EF-7F0E8D6A2B80,2
019C6C02-9248-7F8D-89B6-7F227843E693,2
019C6C02-9235-7FC7-9FDC-7E6C3FEFDFDF,2
019C6C02-9246-721E-A664-79FA77ADF4D4,2
019C6C02-9246-7A69-870C-7A7681F0317C,2
019C6C02-9235-72AA-BB5A-7C508C7BE5A7,2
019C6C02-922A-7233-8737-859F666021A1,2
019EDDCB-8846-7C0D-B331-847E137FBD5D,2
019C6C02-922C-7B34-83C4-845DE2523D2E,2
019C6C02-922B-7750-BD78-8197B3A5058D,2
019C6C02-924B-7C68-8A7D-8123CAAB56BC,2
019C6C02-9244-7466-A810-7FB68B03CA83,2
019C6C02-9245-7302-8B5F-88C85C0B5329,2
019EDDB6-DBA7-7220-A1AB-88CE69427F6F,2
019C6C02-9235-7CB1-8DFE-8AD93A882680,2
019C6C02-9234-741F-8787-8B1EA5E90007,2
019C6C02-9245-717C-A7FE-8A82874C3783,2
019C6C02-922B-7AA9-89EF-8F9AB1937B36,2
019C6C02-9235-77E6-A0D7-8B5E37A6E189,2
019C6C02-924D-76AC-8469-943677435BDC,2
019C6C02-922B-7042-AF3B-9321A931A9C5,2
019C6C02-9248-70B6-A9D9-906EC1532105,2
019C6C02-9247-703C-B822-9216E85745F7,2
019C6C02-9249-7C29-84BE-A33BA1920B3D,2
019C6C02-924D-708F-A5DB-A603BA128D15,2
019C6C02-922C-75F1-B237-9DE7306BBA5A,2
019C6C02-924E-7FC2-97AC-9EC6A09BA3CB,2
019C6C02-924F-7BFB-B280-9F0FBEECDB1D,2
019C6C02-9246-72AA-B4EB-9F31063F8D44,2
019C6C02-9230-71CD-8010-9593FC224A9C,2
019C6C02-9230-725A-A8D6-9A37914A64D4,2
019C6C02-9235-75AA-B23E-9A6434EB6712,2
019C6C02-922B-79CD-B5CE-98D6C5DF5E5B,2
019C6C02-924B-7057-A192-9C5B713F1180,2
019EDBF4-0E39-7A68-B112-9BC070A285B2,1
019EDE19-A5D4-78D3-88C1-9C4BC200A3D1,1
019C6C02-9244-726A-ACF2-9B98351BF2BD,1
019C6C02-924B-70A4-8BE6-9B00E1EE9A20,1
019C6C02-9235-7DB3-A0DB-9EC59009AF53,1
019C6C02-924D-7D46-9E50-9DC5E18024BF,1
019C6C02-9235-7EBD-AB9F-9DE06E4CBCD0,1
019C6C02-924A-7AB8-9B2A-9D67E9E4A9E5,1
019C6C02-924A-77E4-871F-99692B4A8162,1
019C6C02-924B-784B-A41C-9973F59AC8C2,1
019C6C02-924C-71CE-969E-997943C39431,1
019C6C02-9245-7F7C-BE69-9A1B96C3D3B4,1
019C6C02-924B-7870-93B0-9A737444A99F,1
019C6C02-9244-7F03-98F6-95B778BC867E,1
019C6C02-9247-7721-AE80-95CAA7D7B308,1
019C6C02-924B-7171-8EDF-964CD4B447FD,1
019EDBC2-D556-7168-ABAB-97683E07A44B,1
019C6C02-924D-7DC7-BA4F-9832A9CB9694,1
019C6C02-924B-7348-A911-9F5D44E1F89D,1
019C6C02-9245-70C3-9B79-9FD9C7AE0052,1
019C6C02-924D-7FB7-BACE-9FF3382D1A4D,1
019EDBC8-04A2-7D68-9C73-A0DDEC66894E,1
019C6C02-924D-7ED6-86C6-A0AD62A50C18,1
019C6C02-9247-717D-AF5F-A1A37056BE49,1
019EDC1D-90D0-7C82-A180-A1B17C4E3963,1
019C6C02-924A-7B2C-A3E0-A2268661E4F8,1
019C6C02-9247-70EB-8245-A28432A56CEE,1
019C6C02-9247-7627-BFF7-A2D3B32F5AF6,1
019C6C02-924A-7724-86DF-A3315EA3C4A0,1
019EDBE8-20C1-7D13-8133-A44F28E910EC,1
019C6C02-924D-7E6A-82D8-A50AE4DE5C6B,1
019C6C02-9230-709F-87AC-A71B1B7A367E,1
019C6C02-922E-7D73-82C2-A554415EA741,1
019C6C02-922E-76C4-9573-A55B74937698,1
019C6C02-9233-707F-867B-A6B7BB5979B6,1
019C6C02-924A-76AB-A209-A7E7EEF10864,1
019EDE29-478F-7E54-A97B-918D2E4D813E,1
019C6C02-9245-7421-B109-90E0E2E47359,1
019C6C02-922E-710E-B534-900C4521E360,1
019C6C02-9245-7440-9245-9012FF8B4E70,1
019EDE1B-85CB-716C-BCA6-93979E1072E0,1
019C6C02-9247-7B77-918C-8C1C3973392F,1
019EDD46-A569-7903-88F0-8D28EC33BFC1,1
019C6C02-924B-793A-937A-8CDA1AE3B353,1
019C6C02-924D-78DE-BB76-8A7B8BA46E95,1
019C6C02-9249-72AD-ACFC-8B21958F3410,1
019C6C02-9245-7E72-B16D-8B0455B092AA,1
019C6C02-924D-77C5-ACA8-894A044C36B6,1
019EDE14-794E-76A4-96D0-89770846541E,1
019C6C02-9246-7DAC-9417-88BF49856BAC,1
019EDE1D-161E-7DC0-905B-88C0844A8FA0,1
019EDD49-63E0-7F94-B8B1-85F3C25519F4,1
019EEC72-FCBC-7D78-A7DF-8553AB78A0EA,1
019C6C02-9247-7F34-8484-8721E650A9D8,1
019EDD5A-21A6-7C08-89D7-875C82874E46,1
019C6C02-9245-7AD0-B1FF-87952B44E265,1
019C6C02-922E-7101-A28D-87CA90351409,1
019C6C02-9245-753D-B7BD-8280F91E9C1C,1
019C6C02-924D-7047-AB3F-8226793E015D,1
019EDBE2-03FD-7C3F-94BA-81B359DB2E92,1
019C6C02-924D-79CC-B7A5-84E81F46C48C,1
019C6C02-924C-75D1-89B5-7B242A2970A1,1
019C6C02-924D-70C1-9F48-7C1425671B91,1
019C6C02-924D-74A4-B025-7D54C8765D25,1
019C6C02-9246-70BE-8DB1-7D107C1D3A98,1
019C6C02-9247-78BA-986F-79FBAD8B1D27,1
019C6C02-9247-716C-8968-79077165DA19,1
019C6C02-9247-7293-B1DC-7AF9F907F164,1
019C6C02-9247-7A1D-A2DB-7A7FCE66B204,1
019C6C02-922E-722E-86F5-7B6813302B5E,1
019EDC1A-395B-7034-BA0C-7BAFB81D78F9,1
019C6C02-924B-7EF3-AA42-7BD425D521F0,1
019C6C02-924D-79B5-A01D-7E796397F640,1
019C6C02-9233-78DB-8740-7E91305C3D6C,1
019C6C02-9245-7790-BACF-7DC630EB542D,1
019C6C02-9248-7468-AEDE-7E12227B670E,1
019C6C02-924D-7480-A787-7F972F898CE2,1
019C6C02-924A-7BE2-9F8E-809C4E9F34C5,1
019C6C02-9231-7699-B0B6-809DB8A9F977,1
019C6C02-9246-743F-A5E0-80C1BC93CF96,1
019EDBE2-CC55-758B-A508-80CDF04AF770,1
019C6C02-924F-7101-83AC-7FE2A8AFB4E1,1
019C6C02-9231-7737-8F61-762533195A9B,1
019C6C02-924B-786A-9C8A-75C462D56275,1
019EDD60-F88A-72E5-84E3-75B388BC41A5,1
019C6C02-9231-74B6-B648-75B4EE8198D2,1
019C6C02-9246-7668-943E-74784C019C7B,1
019EDC1A-E7B4-70C6-948F-741033CD0D9A,1
019C6C02-924D-70AF-8C55-7831B1205383,1
019C6C02-9247-7D88-957C-7818613DB9A2,1
019C6C02-9246-7A10-84EE-6E68BBE47C3F,1
01A08D3F-0364-740E-8222-72E4B706B463,1
019C6C02-922B-70B7-8C80-728ADFB34521,1
019C6C02-9246-7484-B715-5FC0063F6C6E,1
019C6C02-924B-7B4C-978C-6126D9FED4AE,1
019EDD4F-8F5E-7B25-B177-60B89ECFBC85,1
019C6C02-9245-7D9C-B9F3-60D28FB148D9,1
019EDBC9-1D83-76A0-8255-60D4520579F4,1
019C6C02-922B-7236-A46F-62557E0A35B4,1
019C6C02-924B-70AA-8D05-620BD5519A5C,1
019C6C02-924B-7999-9BD5-61B534E114E8,1
019EDD48-6B14-7595-B5FE-5DE1C428164A,1
019C6C02-9248-71AC-B087-5E08393B282B,1
019C6C02-924B-776B-9EB8-5E3C556B2E79,1
019EDE2E-140C-7C91-A39E-5EC90CAE533E,1
019EDE32-DD30-7AAF-B40C-5ECF0D24D269,1
019C6C02-924C-78E4-ACFE-5F6AB034D35A,1
019C6C02-924D-7832-A436-5CA62515AA33,1
019C6C02-924C-7159-8F33-5D787F4C4532,1
019EDBDF-00B7-7207-A0FE-5CFD863F8D95,1
019C6C02-922D-7970-8D32-59C6FCD63AB4,1
01A024AA-A953-77FE-A8A9-59F53A6721D4,1
019C6C02-924B-7D79-A6DE-5A64E3A7B9B9,1
019C6C02-924A-7E09-AE76-59091DAD269E,1
019C6C02-922F-75BC-AE3F-6AD44AA2A224,1
019C6C02-9246-739F-8588-6D667457B391,1
019C6C02-9247-762B-B08E-6C035CD33752,1
019EDC18-A87D-7DE0-B8CC-6897C0FBEAC2,1
019EDBD7-9EE4-78AC-9584-69A82A040F46,1
019EDE24-B630-7B1B-94B5-66CA17A3277A,1
019EDE32-33F6-733E-A186-66D125A4B34F,1
019EDBED-1625-743B-A03D-66F5CA9608BE,1
019C6C02-924B-78AD-AF59-67B33B51683C,1
019EDE28-357F-74CB-ADD4-67B55C763D4C,1
019C6C02-9245-703A-B1CC-62BDF0A0CE85,1
019C6C02-9247-7E1B-9744-62BF6DBDAD88,1
019C6C02-924A-7E05-B823-62CDD28C7664,1
019C6C02-924B-7789-AD3C-644A9301ABE3,1
019EDC1E-DD2D-7952-A6D6-63CF83186D94,1
019C6C02-9245-7D83-BF13-65BC63989818,1
019EDD53-A17F-7BDB-9EC7-66301BEB2B8A,1
019C6C02-924F-7CD0-BAFE-464E1AC34B42,1
019C6C02-924F-7DD0-ADB6-464E52CF46E4,1
019C6C02-924D-7089-AD90-466CA4899924,1
019EDBF1-0BB4-78AF-9BD1-4758EB72F31F,1
019C6C02-9244-7E99-AF76-48FFAC1804D5,1
019C6C02-924D-7DE7-AF95-496626025063,1
019C6C02-9247-7599-BCCA-4BB2B6F22A72,1
019C6C02-9246-7F23-8157-4BC09AE78DA5,1
019EDE17-090D-70D8-AE10-49A8FADB6E68,1
019C6C02-924C-754A-8C51-49B734376D38,1
019EDE20-D161-748F-8ADD-4AFDDA9DBD7B,1
01A087A6-62B6-7F0C-A653-4187BA4A4CB8,1
019EDD50-9563-77FA-8F35-3FC775E6B357,1
019C6C02-922F-764E-8EEC-3FCE4C9B4892,1
019C6C02-9230-77C7-8BEC-443AB5AA794F,1
019EDD5E-4A62-705E-BE06-4477540D1CE8,1
019C6C02-924B-75C2-B5C7-44CDCE9E8F6A,1
019C6C02-924C-7F53-9888-451DBB6F312E,1
019EDE30-A8AD-70E7-9218-4557D00ECB0A,1
019C6C02-9247-7912-BC66-52ED7D8AAED7,1
019C6C02-9245-7A49-A052-53610ED01D9F,1
019EDE2C-7FFB-70D4-BA2C-51A01CC07EE6,1
019C6C02-9230-7D9E-8AED-51A7A9713545,1
019EDD4E-8703-7992-88A6-566399B04611,1
019EDD45-9054-7B4B-875F-5665BD1438B5,1
019EDBD6-EB32-7D94-9C9B-56DEFD27D71C,1
019C6C02-9245-7F13-BF1D-55D9B4CE0F25,1
019EDBD8-B327-7E41-A64F-553F44039CA0,1
019C6C02-9245-79B6-9985-53D53E863543,1
019C6C02-9246-7C21-ACDA-50EDD0FF51D1,1
019EDE15-78A0-7E25-8AC6-4FE684919CB4,1
019C6C02-922F-7D87-8902-4EA61D112E74,1
019C6C02-9245-7CF2-BA03-4EBDB07471D4,1
019EDE1A-C49E-70E9-8493-4EC8B2757ECD,1
019C6C02-9247-71D5-99C2-4D3BEA0FA138,1
019EDC1E-35D5-7CA9-A2FB-4D4ADC9FF396,1
019C6C02-9243-7026-9EAE-4E9A9AFDEED5,1
019C6C02-924A-7E64-8D3D-4D6798780A29,1
019C6C02-9247-78FD-9883-3BDDA4A17471,1
019C6C02-924A-7575-8B1C-3B80C0D12B08,1
019C6C02-9245-764A-B11D-3A8240638A4A,1
019C6C02-9245-798A-AEBB-3A8E6B1EF40A,1
019C6C02-924B-7590-9051-3F804E408A6A,1
019C6C02-9247-73E2-BF7B-3F49630015C8,1
019C6C02-924F-7DC2-9B3F-3EE76AF8D794,1
019EDE12-A7D9-79BE-B91B-382B049170AF,1
019C6C02-924D-7B64-9BB8-384DF79E27DF,1
019C6C02-9234-707D-B36F-386587918560,1
019C6C02-9245-7962-A345-3756CF725E2A,1
019C6C02-9246-79FF-8C45-377FCFBEAC1A,1
019EEC90-5783-7AA9-9FDA-37015A7BC920,1
019C6C02-924B-7E29-A43E-38EFCAEE4BE8,1
019C6C02-9234-71F8-AF79-38FD3AF2F3CA,1
019C6C02-922E-721F-A222-3A64BF709D43,1
019EDBFB-EC1B-77F4-B6BD-39960FD2D170,1
019EDC03-4122-777F-A51A-2F549A8BDE0B,1
019C6C02-9231-707F-8ADC-2EDA31E1FED3,1
019C6C02-9245-740E-94AE-2E8FF9398CF4,1
019EDE2D-7AA2-7330-9781-2BBD17BCFA1C,1
019EDBD4-F8A5-7FDA-BF96-2C9124B83092,1
019C6C02-922E-7936-B046-2D72CD630FA1,1
019EDBDE-000C-7008-B605-311614FACDB8,1
019C6C02-924A-7CA4-8EA0-31D6FF6170DD,1
019C6C02-9235-701D-B98F-36120B84E27E,1
019C6C02-9247-7EA3-86B3-3660E0074C06,1
019C6C02-924D-70A0-BF14-358AD601B571,1
019C6C02-9232-7FFE-9A27-35A41F81A055,1
019C6C02-924C-7073-B5D3-350A02196B71,1
019C6C02-9244-7274-AB39-350A76974CE1,1
019C6C02-9245-7034-99F5-20B942E04F91,1
019C6C02-9245-7363-A565-1F68256C7744,1
019EDD51-5D67-75E7-AE3F-20E0F7E506B8,1
019C6C02-924A-72F0-928B-20E7550C27B8,1
019C6C02-924B-7C2C-96B2-215A01FEB0DD,1
019C6C02-924B-7BB4-B266-1EDE7EDD9E9B,1
019C6C02-9246-7C69-A0B2-1E67FE3666B2,1
019C6C02-9245-72D1-8A34-201C1D92BF77,1
019C6C02-924D-7359-AAF2-1C354973AEAD,1
019C6C02-9235-76F9-B414-1C4DCD7CCDF6,1
019C6C02-9247-7B00-B040-1C5839B35177,1
019C6C02-9245-7482-9354-1C987C63BAA3,1
019C6C02-9247-7C32-9720-1D97DD246150,1
019C6C02-9247-7F68-9A59-1DAC1DEFD09E,1
019EDD61-92C4-7D84-B413-1B00CE023C13,1
019C6C02-9234-7784-8AE1-1A9474150235,1
019C6C02-924F-7CB4-B772-1C1822BF0949,1
019EDBC6-6A4A-77A8-9359-17C3355CD401,1
019C6C02-924C-73B6-BE8A-25418B9F4BE4,1
019C6C02-9245-78AC-8A21-25A40D2F0C58,1
019C6C02-924B-774F-A611-25CC446243E7,1
019C6C02-924F-71B7-B1CF-21A85043906E,1
019EDD59-5CAE-723B-898C-22E75AE5884F,1
019EDD5F-1F48-7F42-AED1-228E6C5F78C5,1
019C6C02-924B-7BA0-A15D-23CDAD137356,1
019C6C02-9247-7C2E-829F-24AA3C488D74,1
019C6C02-9247-7FBD-9781-270F2FD51684,1
019EDD58-AF87-79E2-8BC2-286F97A85B2B,1
019C6C02-924B-75EB-B9D1-28B67255D76A,1
019C6C02-9246-70FD-8EC6-2A07654E4AA2,1
019EDD5F-CEFE-75BD-9CB5-292EF412B3BE,1
019C6C02-9247-7096-9499-290D5C0135F6,1
019EDE27-8039-7191-A094-2B0D21C43350,1
019EDBFD-64F1-7E3E-BFD3-2A57CEC919BB,1
019C6C02-922E-7993-BC27-2B2E58E8D33A,1
019C6C02-924C-7E3F-ADBF-11F55C3F3BF7,1
019C6C02-9247-7FBE-88B8-11853A180F0E,1
019EDD5D-951E-77C4-8A9A-111B8893C513,1
019C6C02-9247-71BB-969B-12F95CDAB47B,1
019C6C02-9234-742D-8DD5-1380CBB76FCD,1
019C6C02-924D-72B7-A051-13DB99F368AE,1
019C6C02-9243-7280-A354-155441C4E70A,1
019C6C02-924F-7119-9BA3-15674867E20B,1
019EDBE4-B18E-75E1-A0BE-15783C1E293D,1
019C6C02-924A-7CC2-9279-14E3230288C2,1
019C6C02-924D-7113-8AB8-14F695D36786,1
019C6C02-924A-7BBA-BE98-1520FFA1495E,1
019EDBFE-CA7A-7E73-AC39-152C2CE08910,1
019C6C02-922A-756D-AC8E-17012FF6CC93,1
019C6C02-924A-7C92-93DA-1025D715E382,1
019C6C02-9245-7130-B277-0CFD57857DDE,1
019C6C02-924F-7CF7-8DF5-0D3FE82AB3A1,1
019C6C02-924A-7FCD-83E7-0DEAC34B8DB4,1
019EDBF1-B181-7919-8CAF-01A08833DC3B,1
019EDBEB-6B33-7507-8440-01F2B04D268E,1
019C6C02-924A-7886-8A5D-03186D2B8DF3,1
019C6C02-924C-7441-AFE6-0008746E534F,1
019C6C02-924C-7A1A-A25D-0075A6686DB6,1
019C6C02-9247-754C-ADF8-00F8113EAF17,1
019EDE2B-AAB2-7407-AA74-018382F5B1D6,1
019C6C02-9246-7FEB-ADFB-05996B3C1C94,1
019C6C02-9246-799F-A840-059C1773B6F9,1
019C6C02-924F-7D73-B4C7-05B241E32445,1
019EDE2A-F945-7312-BDDD-0489691645CA,1
019C6C02-924A-775A-8472-03F04C065549,1
019C6C02-9247-7B3B-819E-04C8EF4C4C0E,1
019EDC13-5CBE-7B24-A2CC-0500E1042AD2,1
019C6C02-924D-7709-A236-0794BA094872,1
019C6C02-924A-7A43-92C0-0837714B00A9,1
019C6C02-924D-7293-8788-09425FEB5507,1
019C6C02-924D-7124-B57F-0A515D720C02,1
019C6C02-9246-7E04-8387-0ABE23B106F8,1
019C6C02-9247-703F-B999-0AC0ACDF769B,1
019C6C02-924C-7A0A-8DF3-0A7CEFD07FDC,1
019C6C02-9247-7FCB-BA8A-0B0F65D4AA9C,1
019C6C02-9247-71EA-B34D-0B220D838D0B,1
019C6C02-9245-76E3-9B4F-FDFCEEEAC69C,1
019C6C02-924F-7635-8DCB-FF3E98DE4466,1
019EDC05-1346-7A5B-8C62-FF6527C02CC3,1
019C6C02-924E-7686-854E-FEE5E1D11D1E,1
019C6C02-924D-7024-B92B-BE804E5B429D,1
019C6C02-924B-76EC-ABE5-BD8831D7F346,1
019C6C02-9244-74AE-BFC6-BD4BBE66A20B,1
019C6C02-9233-790E-A681-BD507DBC5250,1
019EDC19-5E06-78EF-B073-BCEC7D8A3890,1
019C6C02-9243-7DAC-B7B5-BF0C95249E71,1
019C6C02-924A-7F40-8D64-C02329F3ADB3,1
019EDD62-8645-7457-B271-C32462B2DDD5,1
019C6C02-9229-7D96-8539-C2A2273707B1,1
019C6C02-9247-7699-AC85-C19F3301606E,1
019C6C02-9246-726A-807D-C1A30156C537,1
019C6C02-9247-72E7-9C56-C5145380A384,1
019C6C02-924C-79C5-8CD9-C3775BBDA56E,1
019C6C02-924D-73D3-AF46-C393F7B05574,1
019EDD5C-DF08-7FEC-9BAF-C3EC0DF407F9,1
019C6C02-9244-70E1-BD68-C401728BE229,1
01A08865-8D07-79E7-A345-C4060F734D6E,1
019C6C02-9245-754C-A609-C453A545B22F,1
019EA855-636F-7DDB-822A-C46863E1C576,1
019C6C02-924D-7C3E-8EB7-C469F7DC9CA6,1
019EDD5B-5579-7187-8D7B-C4C4F68F9710,1
019C6C02-9245-7152-B695-C4D50EC567DA,1
019C6C02-9245-7418-99B8-C6DE44B4A3C5,1
019C6C02-922E-707C-922D-C765D8E9A0AF,1
019EDE1E-BF32-7253-AACE-C8809CBB21F9,1
019C6C02-922B-78DD-BB50-C815876BD0B1,1
019EDC00-0664-781C-ABC5-CA336B77D74A,1
019EDC02-59F0-7BFE-8A75-CAFD1D4B3CDE,1
019C6C02-924D-74BD-B69D-CC5D6892E861,1
019C6C02-924B-72A2-A074-D0324FF4BF62,1
019C6C02-9243-7614-8A00-CFA344ADA8C4,1
019C6C02-922F-72D5-A4D0-D2C89D9E25C2,1
019C6C02-924A-775A-A12C-D13958432B25,1
019C6C02-922B-756C-84DE-CE3113801C4B,1
019C6C02-924D-77D3-9B44-CE6915296B90,1
019EDE2A-3D6F-701A-A59C-CEE3F5B77D89,1
019C6C02-9245-7180-B604-CD2998C8A863,1
019C6C02-924A-7C1C-B119-B6305176EA0B,1
019C6C02-9248-7501-BCEF-B73F6369298E,1
019C6C02-924A-7FF0-B015-B8D74F4A3510,1
019EDBE7-49A7-7FD5-B859-BB64E4797DA7,1
019C6C02-9245-712B-9C25-B30B3FBE9D9A,1
019C6C02-924F-71E3-BE6A-B290078E89D0,1
019C6C02-9244-7E2B-846F-B29700F07E76,1
019C6C02-9229-7358-B6DC-B3B925E7960B,1
019C6C02-9244-75D2-B30D-B3BDCE637F9F,1
019C6C02-9247-7CA3-A103-B35F5E21DD71,1
019C6C02-9246-757C-A1FD-B4423622F8B2,1
019C6C02-9246-769F-BE22-B49400637698,1
019C6C02-924A-7AED-933D-B515A0596075,1
019C6C02-9246-7E5F-9890-B58D7A9AC9BE,1
019C6C02-924A-7F74-832D-A8178B2FBA6F,1
019EDE2F-C96A-7A17-8514-A898370C8F49,1
019C6C02-9230-7B0B-A9AF-AA3D853FBA51,1
019C6C02-924B-7CFC-A745-AB44A4520B4C,1
019C6C02-9247-790E-B072-AAA6D52DAF2B,1
019C6C02-922E-73B1-A731-B21DA47F7DA2,1
019EDE13-66AC-7D1B-8A72-B2230EAB703C,1
019EDBF3-33FD-7060-A4DE-AF6804808043,1
019C6C02-9245-786B-8D33-AFDC66741020,1
019C6C02-922D-7617-895E-B038A4CE5F21,1
019C6C02-9248-7034-97EE-B06F32D6896F,1
019C6C02-924D-75A8-8F12-B0A022911464,1
019EDBD6-0926-7720-AB15-AD73D4505493,1
019EDBE3-EC4D-7D55-8B4D-AD8D65A3BEF6,1
019C6C02-924D-7FB2-9B78-ACE5901FE831,1
019C6C02-9246-799F-867F-ADBE6B4056CC,1
019EDBE0-E9AF-7059-A229-F8C528D0307A,1
019C6C02-9230-73A8-A655-F84AC474EB48,1
019EDC1C-4B6D-76FE-963F-FBA765BBFE1A,1
019EDD5C-154F-7E10-9033-FBB1DDB94966,1
019EDE18-A902-798F-A1DA-FAB9AE2B9352,1
019C6C02-924B-7F2B-A1C2-FCFE6B2D2750,1
019C6C02-924F-77AA-A53C-F7CBFEE52D89,1
019C6C02-9247-741D-BC50-F695ED17CBBB,1
019C6C02-9247-7985-BE54-F6A9FBEE4146,1
019C6C02-924D-7E93-917C-F71F3BC6C9E4,1
019C6C02-9245-70E2-9443-F79AB46BA8A8,1
019C6C02-9246-71B6-95F1-F79FE61C5F5E,1
019C6C02-924A-7DFB-A326-F7A06C83F78C,1
019EDBFB-04EF-745C-BE02-F334DC8BD90E,1
019C6C02-9246-7938-883C-F5BE045636B4,1
019C6C02-9230-7531-BF19-F5079600BA36,1
019C6C02-924D-73C9-851D-ED95B0EEB693,1
019C6C02-9247-7E0F-BCF1-EDCD89005C28,1
019C6C02-9245-7C8C-9940-ED8017371A2A,1
019C6C02-9248-7F4D-8F50-EEA8C95B6BD0,1
019C6C02-9245-7815-8B60-EE2CEEAEA860,1
019C6C02-9245-7915-A1E5-EE590363D066,1
019EDD4A-4972-7205-ADFE-F023654925B9,1
019C6C02-924D-7AA3-B5D5-F0354CC21480,1
019C6C02-9231-7FFD-9BA9-EFF70358576B,1
019C6C02-9230-7390-80ED-EF618211B738,1
019C6C02-9231-7CBF-BA84-F2CBE40AE9AD,1
019C6C02-9230-7549-864E-F0D3E1CACD7E,1
019C6C02-924D-7192-999B-E8D2AC51CF55,1
019C6C02-924D-798D-8C47-E7ED9E1F9F9D,1
019C6C02-9230-766F-859C-E7F1BFF09F1C,1
019C6C02-924B-74CC-B761-E7F5C7EA85F1,1
019EDD47-6C5A-7DD8-BB68-E9C1A93B5834,1
019C6C02-9247-71FD-9B54-EB7D2E2C02F8,1
019EDC04-41C8-7AF6-8D53-EBABD6449C6E,1
019EDD60-5D88-7C4F-AC4C-EA62524C2B10,1
019C6C02-9247-763E-AE3A-EBAF1D7F0FE2,1
019C6C02-9246-7C4A-B843-EC1515D7C09A,1
019C6C02-924A-7B0F-981D-EC55542D798C,1
019C6C02-9243-79F6-A1C3-EC60A25008C6,1
019EDC1B-997F-747B-92C7-ECA7D91EE494,1
019C6C02-9230-7582-8AD6-D2E4CDD1B0D3,1
019C6C02-9247-7D22-A667-D3640D2B0BDE,1
019C6C02-9247-7819-A034-D4C891C7A427,1
019C6C02-9245-706B-AF62-D4936D72CA9C,1
019EDBC1-0C73-7F0D-9EF5-D399634B7932,1
019C6C02-9246-7792-903C-D53CCBA8764B,1
019C6C02-9244-7FD8-8AE7-D70615E4E52D,1
019EDBE6-172C-7C6E-88E3-D691B601EEF3,1
019C6C02-9245-70F8-AB43-D6A3E28884D0,1
019C6C02-9234-746E-8335-D8EC1E8AC9BE,1
019C6C02-924D-7C39-80BF-D741A1A3A6D5,1
019C6C02-9248-7533-8221-D79E50F8EAAF,1
019C6C02-9245-70A0-86DD-DC76445E5CAE,1
019C6C02-9247-7958-BA0B-DBF240B9C2BB,1
019C6C02-924B-7367-86E4-DB16B360A8DA,1
019C6C02-922E-7762-880D-DB649491CCB1,1
019EDBC3-E349-7097-B03F-DA83E8B1CCEC,1
019EDC1C-F594-755B-A8D2-E365B49D0570,1
019C6C02-924D-7716-B927-E38248622909,1
019C6C02-9247-73F4-ABB7-E389E7D54274,1
019EDD52-1BED-749F-AFC1-E38DF5B097EF,1
019C6C02-924B-7995-BF31-E47C417D05E8,1
019C6C02-922B-78F5-98D8-E5139CDFC71F,1
019C6C02-924B-7ADE-926A-E6EDEA185E69,1
019C6C02-9245-7146-9B47-E6795B8B28EE,1
019C6C02-9247-79EA-B24A-E71F86A40148,1
019EDBF4-F337-711B-AA32-E771D5902ACF,1
019C6C02-924D-77C5-BDEB-E1B545601B6F,1
019C6C02-924D-7B8A-9786-E1C89E69EF25,1
019EDE1C-6E0A-716F-9299-E2268AAACD58,1
01A087A8-DC83-77E7-9E93-E13F0432D27B,1
019EED36-E324-7333-84AB-E29CCCE6FFEF,1
019C6C02-924E-7607-A43A-DE00044D86DC,1
019C6C02-924F-7BF9-8EA6-DE8CC9D252F8,1
019C6C02-924B-7AAE-BF6C-DFA5C78DAC77,1
019C6C02-9245-7E86-9FB0-DFF3F978C3B5,1
019C6C02-922E-7B36-8F70-DFC2AA6CD183,1
