layer,path,decorator,selector,className,inputs,outputs,hasSpec,hasAria,coreImportViolation,consumerCount,madurezTentativa,owner,madurezAprobada,notas
adaptive,shared/ui/adaptive/accordion/accordion.ts,Component,lux-accordion,LxAccordion,,,true,false,false,3,candidato-stable,,,
adaptive,shared/ui/adaptive/action-sheet/action-sheet.ts,Component,lux-action-sheet,LxActionSheet,,,true,false,false,0,sin-consumidores,,,
adaptive,shared/ui/adaptive/avatar/avatar.ts,Component,lux-avatar,LxAvatar,,,true,false,false,18,candidato-stable,,,
adaptive,shared/ui/adaptive/badge/badge.ts,Component,lux-badge,LxBadge,,,true,false,false,4,candidato-stable,,,
adaptive,shared/ui/adaptive/breadcrumbs/breadcrumbs.ts,Component,lux-breadcrumbs,LxBreadcrumbs,,,true,false,false,0,sin-consumidores,,,
adaptive,shared/ui/adaptive/card/card.ts,Component,lux-card,LxCard,,,true,false,false,63,candidato-stable,,,
adaptive,shared/ui/adaptive/carousel/carousel.ts,Component,lux-carousel,LxCarousel,,,true,false,false,0,sin-consumidores,,,
adaptive,shared/ui/adaptive/checkbox/checkbox.ts,Component,lux-checkbox,LxCheckbox,,,false,false,false,5,experimental,,,
adaptive,shared/ui/adaptive/chip/chip.ts,Component,lux-chip,LxChip,,,true,false,false,1,candidato-stable,,,
adaptive,shared/ui/adaptive/confirm-dialog/confirm-dialog.ts,Component,lux-confirm-dialog,LxConfirmDialog,,,true,false,false,3,candidato-stable,,,
adaptive,shared/ui/adaptive/debug-console/debug-console.ts,Component,lux-debug-console,LxDebugConsole,logs,,true,false,false,0,sin-consumidores,,,
adaptive,shared/ui/adaptive/divider/divider.ts,Component,lux-divider,LxDivider,,,false,false,false,13,experimental,,,
adaptive,shared/ui/adaptive/editor/editor.ts,Component,lux-editor,LxEditor,,,true,false,false,2,candidato-stable,,,
adaptive,shared/ui/adaptive/empty-state/empty-state.ts,Component,lux-empty-state,LxEmptyState,,,true,false,false,5,candidato-stable,,,
adaptive,shared/ui/adaptive/fieldset/fieldset.ts,Component,lux-fieldset,LxFieldset,,,false,false,false,9,experimental,,,
adaptive,shared/ui/adaptive/file-upload/file-upload.ts,Component,lux-file-upload,LxFileUpload,,,true,false,false,7,candidato-stable,,,
adaptive,shared/ui/adaptive/icon/icon.ts,Component,lux-icon,LxIcon,icon|styleClass,,false,false,false,448,experimental,,,
adaptive,shared/ui/adaptive/image/image.ts,Component,lux-image,LxImage,,,true,false,false,6,candidato-stable,,,
adaptive,shared/ui/adaptive/infinite-scroll/infinite-scroll.ts,Component,lux-infinite-scroll,LxInfiniteScroll,,,true,false,false,0,sin-consumidores,,,
adaptive,shared/ui/adaptive/listbox/listbox.ts,Component,lux-listbox,LxListbox,,,true,false,false,3,candidato-stable,,,
adaptive,shared/ui/adaptive/loader/loader.ts,Component,lux-loader,LxLoader,,,true,false,false,5,candidato-stable,,,
adaptive,shared/ui/adaptive/menu/menu.ts,Component,lux-menu,LxMenu,,,true,false,false,2,candidato-stable,,,
adaptive,shared/ui/adaptive/menubar/menubar.ts,Component,lux-menubar,LxMenubar,,,true,false,false,1,candidato-stable,,,
adaptive,shared/ui/adaptive/message/message.ts,Component,lux-message,LxMessage,,,true,false,false,36,candidato-stable,,,
adaptive,shared/ui/adaptive/modal/modal.ts,Component,lux-modal,LxModal,,,true,false,false,7,candidato-stable,,,
adaptive,shared/ui/adaptive/multi-select/multi-select.ts,Component,lux-multi-select,LxMultiSelect,,,true,false,false,0,sin-consumidores,,,
adaptive,shared/ui/adaptive/offline-indicator/offline-indicator.ts,Component,lux-offline-indicator,LxOfflineIndicator,,,true,false,false,0,sin-consumidores,,,
adaptive,shared/ui/adaptive/paginator/paginator.ts,Component,lux-paginator,LxPaginator,,,true,false,false,0,sin-consumidores,,,
adaptive,shared/ui/adaptive/panel/panel.ts,Component,lux-panel,LxPanel,,,false,false,false,2,experimental,,,
adaptive,shared/ui/adaptive/popover/popover.ts,Component,lux-popover,LxPopover,,,true,false,false,3,candidato-stable,,,
adaptive,shared/ui/adaptive/processing-overlay/processing-overlay.ts,Component,lux-processing-overlay,LxProcessingOverlay,,,true,false,false,1,candidato-stable,,,
adaptive,shared/ui/adaptive/progress-bar/progress-bar.ts,Component,lux-progress-bar,LxProgressBar,,,true,false,false,3,candidato-stable,,,
adaptive,shared/ui/adaptive/pull-to-refresh/pull-to-refresh.ts,Component,lux-pull-to-refresh,LxPullToRefresh,,,true,false,false,0,sin-consumidores,,,
adaptive,shared/ui/adaptive/radio-button/radio-button.ts,Component,lux-radio-button,LxRadioButton,value|control|inputId|styleClass|customClass|disabled,,true,false,false,3,candidato-stable,,,
adaptive,shared/ui/adaptive/rating/rating.ts,Component,lux-rating,LxRating,,,true,false,false,1,candidato-stable,,,
adaptive,shared/ui/adaptive/tap-to-top/tap-to-top.ts,Component,lux-scroll-top,LxScrollTop,,,true,false,false,0,sin-consumidores,,,
adaptive,shared/ui/adaptive/sidebar/sidebar.ts,Component,lux-sidebar,LxSidebar,,,true,false,false,6,candidato-stable,,,
adaptive,shared/ui/adaptive/skeleton/skeleton.ts,Component,lux-skeleton,LxSkeleton,,,true,false,false,22,candidato-stable,,,
adaptive,shared/ui/adaptive/spinner/spinner.ts,Component,lux-spinner,LxSpinner,,,true,false,false,21,candidato-stable,,,
adaptive,shared/ui/adaptive/split-button/split-button.ts,Component,lux-split-button,LxSplitButton,,,true,false,false,1,candidato-stable,,,
adaptive,shared/ui/adaptive/status-badge/status-badge.ts,Component,lux-status-badge,LxStatusBadge,,,true,false,false,1,candidato-stable,,,
adaptive,shared/ui/adaptive/stepper/stepper.ts,Component,lux-stepper,LxStepper,,,true,false,false,0,sin-consumidores,,,
adaptive,shared/ui/adaptive/steps/steps.ts,Component,lux-steps,LxSteps,,,true,false,false,1,candidato-stable,,,
adaptive,shared/ui/adaptive/swipe-actions/swipe-actions.ts,Component,lux-swipe-actions,LxSwipeActions,,,true,false,false,0,sin-consumidores,,,
adaptive,shared/ui/adaptive/table/table.ts,Component,lux-table,LxTable,,,true,false,false,0,sin-consumidores,,,
adaptive,shared/ui/adaptive/tabs/tabs.ts,Component,lux-tabs,LxTabs,,,true,false,false,13,candidato-stable,,,
adaptive,shared/ui/adaptive/tag/tag.ts,Component,lux-tag,LxTag,,,true,false,false,192,candidato-stable,,,
adaptive,shared/ui/adaptive/timeline/timeline.ts,Component,lux-timeline,LxTimeline,,,true,false,false,1,candidato-stable,,,
adaptive,shared/ui/adaptive/toast/toast.ts,Component,lux-toast,LxToast,,,true,false,false,1,candidato-stable,,,
adaptive,shared/ui/adaptive/toolbar/toolbar.ts,Component,lux-toolbar,LxToolbar,,,true,false,false,1,candidato-stable,,,
adaptive,shared/ui/adaptive/tooltip/tooltip.ts,Directive,[lxTooltip],LxTooltip,,,true,false,false,0,sin-consumidores,,,
adaptive,shared/ui/adaptive/tooltip/tooltip.directive.ts,Directive,[lxTooltip],LxTooltipDirective,,,true,false,false,84,candidato-stable,,,
adaptive,shared/ui/adaptive/tree/tree.ts,Component,lux-tree,LxTree,,,true,false,false,1,candidato-stable,,,
adaptive,shared/ui/adaptive/viewport/viewport.directives.ts,Directive,[lxWeb],LxWebDirective,,,false,false,false,0,sin-consumidores,,,
adaptive,shared/ui/adaptive/widget-card/widget-card.ts,Component,lux-widget-card,LxWidgetCard,description|color|bgColor|route|actionText,cardClick,false,false,false,4,experimental,,,
ai-chat-widget,shared/ui/ai-chat-widget/ai-chat-widget.ts,Component,lux-ai-chat-widget,AiChatWidget,,,true,false,true,0,revisar-dependencia-core,,,
buttons,shared/ui/buttons/mobile/button.ts,Component,lux-button-mobile,ButtonMobile,kind|displayMode,,true,true,false,157,candidato-stable,,,
buttons,shared/ui/buttons/web/button.ts,Component,lux-button-web,ButtonWeb,kind|badgeCount|displayMode,,true,true,false,625,candidato-stable,,,
buttons,shared/ui/buttons/button-group/button-group.ts,Component,il-button-group,IlButtonGroup,value|activeSeverity|size,valueChange,false,true,false,0,sin-consumidores,,,
charts,shared/ui/charts/chart.ts,Component,lux-ds-chart,DsChart,type|title|height|width|showLegend|showGrid,,false,false,false,0,sin-consumidores,,,
core,shared/ui/core/processing-overlay.base.ts,Component,base-processing-overlay,ProcessingOverlayBase,isProcessing|progress|message|submessage,,false,false,false,0,sin-consumidores,,,
core,shared/ui/core/stepper-step-section.directive.ts,Directive,[step],StepperStepSection,step,,true,false,false,0,sin-consumidores,,,
image-analysis-dialog,shared/ui/image-analysis-dialog/image-analysis-dialog.ts,Component,lux-image-analysis-dialog,ImageAnalysisDialogComponent,,resultAccepted,true,true,true,0,revisar-dependencia-core,,,
inputs,shared/ui/inputs/core/base-input-signal.ts,Component,base-input-signal,BaseInputSignal,control|id|label|placeholder|horizontal|readonly|disabled|hidden|requiredInput|onlyInput|noMargin|description,,true,false,false,0,sin-consumidores,,,
inputs,shared/ui/inputs/core/base-ionic-input.ts,Component,base-ionic-input,BaseIonicInput,,,true,false,false,0,sin-consumidores,,,
inputs,shared/ui/inputs/web/custom-input-autocomplete-signal.ts,Component,web-custom-input-autocomplete-signal,CustomInputAutoComplete,data|suggestionsInput|optionLabel|dataKey|size|showClear|forceSelection|dropdown|emptyMessage|scrollHeight|panelStyleClass|inputStyleClass,propagar|completeMethod|cleared,true,false,false,0,sin-consumidores,,,
inputs,shared/ui/inputs/web/custom-input-autocomplete-multiple-signal.ts,Component,custom-input-autocomplete-multiple-signal,CustomInputAutoMultiple,data|size,propagar,true,false,false,2,candidato-stable,,,
inputs,shared/ui/inputs/web/custom-input-datepicker-signal.ts,Component,web-custom-input-datepicker-signal,CustomInputDatepicker,dateFormat|showTime|showClear|showIcon|hourFormat|readonlyInput|showButtonBar|selectionMode,dateSelect|dateClear,true,false,false,1,candidato-stable,,,
inputs,shared/ui/inputs/web/custom-input-date-time-native.ts,Component,custom-input-date-time-native,CustomInputDateTimeNative,control|id|label|horizontal|required,,true,false,false,1,candidato-stable,,,
inputs,shared/ui/inputs/web/custom-input-date-time-signal.ts,Component,web-custom-input-date-time-signal,CustomInputDateTimeSignal,size,,true,false,false,1,candidato-stable,,,
inputs,shared/ui/inputs/web/custom-input-decimal-signal.ts,Component,custom-input-decimal-signal,CustomInputDecimal,showButtons|minFractionDigits|maxFractionDigits|customClass|size|useGrouping|prefix|suffix|showClear,,true,false,false,16,candidato-stable,,,
inputs,shared/ui/inputs/web/custom-input-email-signal.ts,Component,web-custom-input-email,CustomInputEmail,customClass,,false,false,false,0,sin-consumidores,,,
inputs,shared/ui/inputs/web/custom-input-hour-signal.ts,Component,custom-input-hour-signal,CustomInputHour,size,,true,false,false,0,sin-consumidores,,,
inputs,shared/ui/inputs/web/custom-input-img-signal.ts,Component,web-custom-input-img-signal,CustomInputImg,control|id|urlImgCurrent|title|chooseLabel|allowRemove|maxFileSize|compressThreshold|compressionQuality|required|label|horizontal|contentHeight|contentWidth,fileSelected|imageLoaded|uploadError,true,false,false,0,sin-consumidores,,,
inputs,shared/ui/inputs/web/custom-input-mask-signal.ts,Component,web-custom-input-mask-signal,CustomInputMaskSignal,size|validation|dropSpecialCharacters,,true,false,false,0,sin-consumidores,,,
inputs,shared/ui/inputs/web/custom-input-month-signal.ts,Component,web-custom-input-month,CustomInputMonth,size,,true,false,false,0,sin-consumidores,,,
inputs,shared/ui/inputs/web/custom-input-phone-prefix.ts,Component,web-custom-input-phone-prefix,CustomInputPhonePrefix,,,true,false,true,1,revisar-dependencia-core,,,
inputs,shared/ui/inputs/web/custom-input-select-button-signal.ts,Component,custom-input-select-button-signal,CustomInputSelectButton,options|optionLabel|optionValue|multiple|customClass|size,selectionChange,true,false,false,10,candidato-stable,,,
inputs,shared/ui/inputs/web/custom-input-switch-signal.ts,Component,custom-input-switch-signal,CustomInputSwitch,,switchChange,true,true,false,22,candidato-stable,,,
inputs,shared/ui/inputs/web/custom-input-url-signal.ts,Component,web-custom-input-url,CustomInputUrl,customClass,,true,false,false,0,sin-consumidores,,,
inputs,shared/ui/inputs/adaptive/input-autocomplete/input-autocomplete.ts,Component,custom-input-autocomplete-signal,InputAutocomplete,data|field|optionLabel|forceSelection|dropdown|virtualScroll|virtualScrollItemSize|suggestions|dataKey|size|showClear|emptyMessage|scrollHeight|panelStyleClass|inputStyleClass,propagar|completeMethod|cleared,true,false,false,43,candidato-stable,,,
inputs,shared/ui/inputs/adaptive/input-check/input-check.ts,Component,custom-input-check-signal,InputCheck,,checkChange,true,false,false,0,sin-consumidores,,,
inputs,shared/ui/inputs/adaptive/input-currency/input-currency.ts,Component,custom-input-currency-signal,InputCurrency,showButtons|minFractionDigits|maxFractionDigits|customClass|size|useGrouping|prefix|suffix|showClear,,true,false,false,0,sin-consumidores,,,
inputs,shared/ui/inputs/adaptive/input-date/input-date.ts,Component,custom-input-date-signal,InputDate,disable|mode|minDate|size,,true,false,false,0,sin-consumidores,,,
inputs,shared/ui/inputs/adaptive/input-datepicker/input-datepicker.ts,Component,custom-input-datepicker-signal,InputDatepicker,selectionMode|dateFormat|showTime|showClear|showIcon|hourFormat|readonlyInput|showButtonBar,dateSelect|dateClear,true,false,false,6,candidato-stable,,,
inputs,shared/ui/inputs/adaptive/input-date-time/input-date-time.ts,Component,custom-input-date-time-signal,InputDateTime,size,,true,false,false,2,candidato-stable,,,
inputs,shared/ui/inputs/adaptive/input-email/input-email.ts,Component,custom-input-email,InputEmail,,,false,false,false,2,experimental,,,
inputs,shared/ui/inputs/adaptive/input-file/input-file.ts,Component,custom-input-file-signal,InputFile,accept|maxFileSize|chooseLabel,fileSelected|uploadError,true,false,false,1,candidato-stable,,,
inputs,shared/ui/inputs/adaptive/input-img/input-img.ts,Component,custom-input-img-signal,InputImg,,propagar,true,false,false,20,candidato-stable,,,
inputs,shared/ui/inputs/adaptive/input-mask/input-mask.ts,Component,custom-input-mask-signal,InputMask,size|validation|dropSpecialCharacters,,true,false,false,25,candidato-stable,,,
inputs,shared/ui/inputs/adaptive/input-month/input-month.ts,Component,custom-input-month,InputMonth,,,true,false,false,0,sin-consumidores,,,
inputs,shared/ui/inputs/adaptive/input-multiselect/input-multiselect.ts,Component,custom-input-multiselect-signal,InputMultiselect,options|optionLabel|optionValue|group|optionGroupLabel|optionGroupChildren|filter|showClear|selectionDisplay|maxSelectedLabels|selectedItemsLabel|customClass|size|scrollHeight|cancelText|okText,selectionChange,true,false,false,0,sin-consumidores,,,
inputs,shared/ui/inputs/adaptive/input-number/input-number.ts,Component,custom-input-number-signal,InputNumber,min|max|step|showButtons|minFractionDigits|maxFractionDigits|customClass|size|mode|currency|useGrouping|prefix|suffix|showClear|locale,blur|enter,true,false,false,2,candidato-stable,,,
inputs,shared/ui/inputs/adaptive/input-password/input-password.ts,Component,custom-input-password-signal,InputPassword,customClass|showStrengthIndicator|size|promptLabel|weakLabel|mediumLabel|strongLabel,,true,false,false,0,sin-consumidores,,,
inputs,shared/ui/inputs/adaptive/input-phone-prefix/input-phone-prefix.ts,Component,custom-input-phone-prefix,InputPhonePrefix,prefixList|countryCode,,true,false,false,1,candidato-stable,,,
inputs,shared/ui/inputs/adaptive/input-search/input-search.ts,Component,custom-search-input-signal,InputSearch,placeholder|disabled|debounce,searchChange,true,false,false,0,sin-consumidores,,,
inputs,shared/ui/inputs/adaptive/input-select/input-select.ts,Component,custom-input-select-signal,InputSelect,data|optionLabel|optionValue|optionDisabled|showClear|filter|filterBy|customClass|size|valueDefault|loading,selectionChange,true,false,false,3,candidato-stable,,,
inputs,shared/ui/inputs/adaptive/input-select-bool/input-select-bool.ts,Component,custom-input-select-signal-bool,InputSelectBool,activeLabel|inactiveLabel|showClear|size,,true,false,false,1,candidato-stable,,,
inputs,shared/ui/inputs/adaptive/input-text/input-text.ts,Component,custom-input-text-signal,InputText,type|customClass|size|list,blur|enter,true,false,false,4,candidato-stable,,,
inputs,shared/ui/inputs/adaptive/input-textarea/input-textarea.ts,Component,custom-input-textarea-signal,InputTextarea,rows|cols|maxLength|disableResize|customClass|fluid,,true,false,false,2,candidato-stable,,,
inputs,shared/ui/inputs/adaptive/input-time/input-time.ts,Component,custom-input-time-signal,InputTime,,,true,false,false,0,sin-consumidores,,,
inputs,shared/ui/inputs/adaptive/input-toggle-switch/input-toggle-switch.ts,Component,custom-input-toggle-switch-signal,InputToggleSwitch,size,toggleChange,true,false,false,1,candidato-stable,,,
inputs,shared/ui/inputs/adaptive/input-upload-pdf/input-upload-pdf.ts,Component,lux-custom-input-upload-pdf-signal,InputUploadPdf,id|label|readonly|requiredInput|maxFileSize|accept|chooseLabel,fileSelected|uploadError,true,false,false,0,sin-consumidores,,,
inputs,shared/ui/inputs/adaptive/input-url/input-url.ts,Component,custom-input-url,InputUrl,,,true,false,false,0,sin-consumidores,,,
inputs,shared/ui/inputs/mobile/ion-input-autocomplete.ts,Component,ion-input-autocomplete,IonInputAutocomplete,suggestions|field|optionLabel,propagar,true,false,false,0,sin-consumidores,,,
inputs,shared/ui/inputs/mobile/ion-input-checkbox.ts,Component,ion-input-checkbox,IonInputCheckbox,,checkChange,true,false,false,4,candidato-stable,,,
inputs,shared/ui/inputs/mobile/ion-input-currency.ts,Component,ion-input-currency,IonInputCurrency,prefix,,true,false,false,1,candidato-stable,,,
inputs,shared/ui/inputs/mobile/ion-input-date.ts,Component,ion-input-date,IonInputDate,minDate|size,,true,false,false,1,candidato-stable,,,
inputs,shared/ui/inputs/mobile/ion-input-datepicker.ts,Component,ion-input-datepicker,IonInputDatepicker,,,true,false,false,0,sin-consumidores,,,
inputs,shared/ui/inputs/mobile/ion-input-date-time.ts,Component,ion-input-date-time,IonInputDateTime,,,true,false,false,0,sin-consumidores,,,
inputs,shared/ui/inputs/mobile/ion-input-email.ts,Component,ion-input-email,IonInputEmail,,,false,false,false,0,sin-consumidores,,,
inputs,shared/ui/inputs/mobile/ion-input-file.ts,Component,ion-input-file,IonInputFile,accept|maxFileSize|chooseLabel,fileSelected|uploadError,true,false,false,1,candidato-stable,,,
inputs,shared/ui/inputs/mobile/ion-input-img.ts,Component,ion-input-img,IonInputImg,urlImgCurrent|chooseLabel|allowRemove|maxFileSize|compressThreshold|compressionQuality,fileSelected|uploadError,true,false,false,0,sin-consumidores,,,
inputs,shared/ui/inputs/mobile/ion-input-mask.ts,Component,ion-input-mask,IonInputMask,,,true,false,false,0,sin-consumidores,,,
inputs,shared/ui/inputs/mobile/ion-input-month.ts,Component,ion-input-month,IonInputMonth,,,true,false,false,0,sin-consumidores,,,
inputs,shared/ui/inputs/mobile/ion-input-multiselect.ts,Component,ion-input-multiselect,IonInputMultiselect,options|optionLabel|optionValue|cancelText|okText,selectionChange,true,false,false,1,candidato-stable,,,
inputs,shared/ui/inputs/mobile/ion-input-ng-select.ts,Component,ion-input-ng-select,IonInputNgSelect,options,,true,false,false,0,sin-consumidores,,,
inputs,shared/ui/inputs/mobile/ion-input-number.ts,Component,ion-input-number,IonInputNumber,min|max|step,,true,false,false,1,candidato-stable,,,
inputs,shared/ui/inputs/mobile/ion-input-password.ts,Component,ion-input-password,IonInputPassword,,,true,true,false,4,candidato-stable,,,
inputs,shared/ui/inputs/mobile/ion-input-phone-prefix.ts,Component,ion-input-phone-prefix,IonInputPhonePrefix,prefixes|selectedPrefix,,true,false,false,0,sin-consumidores,,,
inputs,shared/ui/inputs/mobile/ion-input-search.ts,Component,ion-input-search,IonInputSearch,debounce,searchChange,true,false,false,1,candidato-stable,,,
inputs,shared/ui/inputs/mobile/ion-input-select.ts,Component,ion-input-select,IonInputSelect,data|optionLabel|optionValue|interfaceMode|cancelText|okText,selectionChange,true,false,false,4,candidato-stable,,,
inputs,shared/ui/inputs/mobile/ion-input-select-bool.ts,Component,ion-input-select-bool,IonInputSelectBool,activeLabel|inactiveLabel,,true,false,false,1,candidato-stable,,,
inputs,shared/ui/inputs/mobile/ion-input-select-prefix.ts,Component,ion-input-select-prefix,IonInputSelectPrefix,prefixOptions|selectedPrefix,,true,false,false,0,sin-consumidores,,,
inputs,shared/ui/inputs/mobile/ion-input-text.ts,Component,ion-input-text,IonInputText,type,blur|enter,true,false,false,6,candidato-stable,,,
inputs,shared/ui/inputs/mobile/ion-input-textarea.ts,Component,ion-input-textarea,IonInputTextarea,rows|maxLength|autoGrow,,true,false,false,1,candidato-stable,,,
inputs,shared/ui/inputs/mobile/ion-input-time.ts,Component,ion-input-time,IonInputTime,,,true,false,false,1,candidato-stable,,,
inputs,shared/ui/inputs/mobile/ion-input-toggle.ts,Component,ion-input-toggle,IonInputToggle,size,toggleChange,true,false,false,3,candidato-stable,,,
inputs,shared/ui/inputs/mobile/ion-input-upload-pdf.ts,Component,ion-input-upload-pdf,IonInputUploadPdf,,,true,false,false,0,sin-consumidores,,,
inputs,shared/ui/inputs/mobile/ion-input-url.ts,Component,ion-input-url,IonInputUrl,,,true,false,false,0,sin-consumidores,,,
inputs,shared/ui/inputs/web/custom-input-upload-pdf-signal.ts,Component,lux-subir-pdf,SubirPdf,,,true,false,true,2,revisar-dependencia-core,,,
inputs,shared/ui/inputs/core/validation-errors-custom-input.ts,Component,lux-validation-errors-custom-input,ValidationErrorsCustomInput,placeholder,,true,false,false,0,sin-consumidores,,,
inputs,shared/ui/inputs/web/input-autocomplete/input-autocomplete.ts,Component,web-input-autocomplete,WebInputAutocomplete,data|field|optionLabel|forceSelection|dropdown|virtualScroll|virtualScrollItemSize|suggestions|dataKey|size|showClear|emptyMessage|scrollHeight|panelStyleClass|inputStyleClass,propagar|completeMethod|cleared,true,false,false,0,sin-consumidores,,,
inputs,shared/ui/inputs/web/input-check/input-check.ts,Component,web-input-check,WebInputCheck,,checkChange,true,false,false,0,sin-consumidores,,,
inputs,shared/ui/inputs/web/input-currency/input-currency.ts,Component,web-input-currency,WebInputCurrency,showButtons|minFractionDigits|maxFractionDigits|customClass|size|useGrouping|prefix|suffix|showClear,,true,false,false,0,sin-consumidores,,,
inputs,shared/ui/inputs/web/input-date/input-date.ts,Component,web-input-date,WebInputDate,disable|mode|minDate|size,,true,false,false,0,sin-consumidores,,,
inputs,shared/ui/inputs/web/input-datepicker/input-datepicker.ts,Component,web-input-datepicker,WebInputDatepicker,dateFormat|selectionMode|showTime|showClear|showIcon|hourFormat|readonlyInput|showButtonBar,dateSelect|dateClear,true,false,false,0,sin-consumidores,,,
inputs,shared/ui/inputs/web/input-date-time/input-date-time.ts,Component,web-input-date-time,WebInputDateTime,size,,true,false,false,0,sin-consumidores,,,
inputs,shared/ui/inputs/web/input-email/input-email.ts,Component,web-input-email,WebInputEmail,customClass,,false,false,false,0,sin-consumidores,,,
inputs,shared/ui/inputs/web/input-file/input-file.ts,Component,web-input-file,WebInputFile,accept|maxFileSize|chooseLabel,fileSelected,true,false,false,0,sin-consumidores,,,
inputs,shared/ui/inputs/web/input-img/input-img.ts,Component,web-input-img,WebInputImg,urlImgCurrent|title|chooseLabel|allowRemove|maxFileSize|compressThreshold|compressionQuality|contentHeight|contentWidth,fileSelected|imageLoaded|uploadError,true,false,false,0,sin-consumidores,,,
inputs,shared/ui/inputs/web/input-mask/input-mask.ts,Component,web-input-mask,WebInputMask,size|validation|dropSpecialCharacters,,true,false,false,0,sin-consumidores,,,
inputs,shared/ui/inputs/web/input-month/input-month.ts,Component,web-input-month,WebInputMonth,size,,true,false,false,0,sin-consumidores,,,
inputs,shared/ui/inputs/web/input-multiselect/input-multiselect.ts,Component,web-input-multiselect,WebInputMultiselect,options|optionLabel|optionValue|group|optionGroupLabel|optionGroupChildren|filter|showClear|selectionDisplay|maxSelectedLabels|selectedItemsLabel|customClass|size|scrollHeight,,true,true,false,0,sin-consumidores,,,
inputs,shared/ui/inputs/web/input-number/input-number.ts,Component,web-input-number,WebInputNumber,min|max|showButtons|step|minFractionDigits|maxFractionDigits|customClass|size|mode|currency|useGrouping|prefix|suffix|showClear|locale,blur|enter,true,false,false,0,sin-consumidores,,,
inputs,shared/ui/inputs/web/input-password/input-password.ts,Component,web-input-password,WebInputPassword,customClass|showStrengthIndicator|size|promptLabel|weakLabel|mediumLabel|strongLabel,,true,true,false,0,sin-consumidores,,,
inputs,shared/ui/inputs/web/input-phone-prefix/input-phone-prefix.ts,Component,web-input-phone-prefix,WebInputPhonePrefix,prefixList|countryCode,,true,false,true,0,revisar-dependencia-core,,,
inputs,shared/ui/inputs/web/input-search/input-search.ts,Component,web-input-search,WebInputSearch,placeholder|disabled,searchChange,true,false,false,0,sin-consumidores,,,
inputs,shared/ui/inputs/web/input-select/input-select.ts,Component,web-input-select,WebInputSelect,data|showClear|filter|filterBy|optionLabel|optionValue|optionDisabled|customClass|size,selectionChange,true,false,false,0,sin-consumidores,,,
inputs,shared/ui/inputs/web/input-select-bool/input-select-bool.ts,Component,web-input-select-bool,WebInputSelectBool,activeLabel|inactiveLabel|showClear|size,,true,false,false,0,sin-consumidores,,,
inputs,shared/ui/inputs/web/input-text/input-text.ts,Component,web-input-text,WebInputText,customClass|size|type|list,blur|enter,true,true,false,0,sin-consumidores,,,
inputs,shared/ui/inputs/web/input-textarea/input-textarea.ts,Component,web-input-textarea,WebInputTextarea,rows|cols|maxLength|disableResize|customClass|fluid,,true,false,false,0,sin-consumidores,,,
inputs,shared/ui/inputs/web/input-time/input-time.ts,Component,web-input-time,WebInputTime,,,true,false,false,0,sin-consumidores,,,
inputs,shared/ui/inputs/web/input-toggle-switch/input-toggle-switch.ts,Component,web-input-toggle-switch,WebInputToggleSwitch,size,toggleChange,true,false,false,0,sin-consumidores,,,
inputs,shared/ui/inputs/web/input-upload-pdf/input-upload-pdf.ts,Component,web-input-upload-pdf,WebInputUploadPdf,,,true,false,false,0,sin-consumidores,,,
inputs,shared/ui/inputs/web/input-url/input-url.ts,Component,web-input-url,WebInputUrl,customClass,,true,false,false,0,sin-consumidores,,,
mobile,shared/ui/mobile/app-icon/app-icon.ts,Component,ili-icon,AppIconMobile,icon,,false,false,false,0,sin-consumidores,,,
mobile,shared/ui/mobile/tab-bar/tab-bar.ts,Component,app-tab-bar,AppTabBar,tabs|compact,tabChange,true,true,false,0,sin-consumidores,,,
mobile,shared/ui/mobile/data-view-mobile/data-view-mobile.ts,Component,app-data-view-mobile,DataViewMobile,data|loading|showAdd|globalFilterFields|dt|viewchildBreadcrumb|trackByProperty|isGrouped|groupedData|enablePagination|serverSideFilter,add|nextPage|search,true,false,false,217,candidato-stable,,,
mobile,shared/ui/mobile/checkbox/checkbox.ts,Component,ili-checkbox,IliCheckbox,,,false,false,false,0,sin-consumidores,,,
mobile,shared/ui/mobile/divider/divider.ts,Component,ili-divider,IliDivider,,,false,true,false,0,sin-consumidores,,,
mobile,shared/ui/mobile/fieldset/fieldset.ts,Component,ili-fieldset,IliFieldset,,,false,false,false,0,sin-consumidores,,,
mobile,shared/ui/mobile/file-upload/file-upload.ts,Component,ili-file-upload,IliFileUpload,,,false,false,false,0,sin-consumidores,,,
mobile,shared/ui/mobile/panel/panel.ts,Component,ili-panel,IliPanel,,,false,false,false,0,sin-consumidores,,,
mobile,shared/ui/mobile/accordion/accordion.ts,Component,ili-accordion,MobileAccordion,,,true,false,false,0,sin-consumidores,,,
mobile,shared/ui/mobile/action-menu-mobile/action-menu-mobile.ts,Component,ili-action-menu,MobileActionMenu,title,,true,true,false,142,candidato-stable,,,
mobile,shared/ui/mobile/avatar/avatar.ts,Component,ili-avatar,MobileAvatar,,,false,false,false,0,sin-consumidores,,,
mobile,shared/ui/mobile/badge/badge.ts,Component,ili-badge,MobileBadge,,,true,false,false,1,candidato-stable,,,
mobile,shared/ui/mobile/bottom-nav/bottom-nav.ts,Component,ili-bottom-nav,MobileBottomNav,,,true,true,false,0,sin-consumidores,,,
mobile,shared/ui/mobile/breadcrumbs/breadcrumbs.ts,Component,ili-breadcrumbs,MobileBreadcrumbs,,,true,false,false,0,sin-consumidores,,,
mobile,shared/ui/mobile/card/card.ts,Component,ili-card,MobileCard,,,true,false,false,0,sin-consumidores,,,
mobile,shared/ui/mobile/carousel/carousel.ts,Component,ili-carousel,MobileCarousel,,,true,false,false,0,sin-consumidores,,,
mobile,shared/ui/mobile/chip/chip.ts,Component,ili-chip,MobileChip,,,true,true,false,0,sin-consumidores,,,
mobile,shared/ui/mobile/confirm-dialog/confirm-dialog.ts,Component,ili-confirm-dialog,MobileConfirmDialog,,,true,false,false,0,sin-consumidores,,,
mobile,shared/ui/mobile/editor/editor.ts,Component,ili-editor,MobileEditor,,,false,false,false,0,sin-consumidores,,,
mobile,shared/ui/mobile/empty-state/empty-state.ts,Component,ili-empty-state,MobileEmptyState,,,true,false,false,0,sin-consumidores,,,
mobile,shared/ui/mobile/image/image.ts,Component,ili-image,MobileImage,,,false,true,false,0,sin-consumidores,,,
mobile,shared/ui/mobile/infinite-scroll/infinite-scroll.ts,Component,ili-infinite-scroll,MobileInfiniteScroll,,complete,true,false,false,0,sin-consumidores,,,
mobile,shared/ui/mobile/listbox/listbox.ts,Component,ili-listbox,MobileListbox,,,false,false,false,0,sin-consumidores,,,
mobile,shared/ui/mobile/list-item/list-item.ts,Component,ili-list-item,MobileListItem,divider|noPadding|alignTop,,false,false,false,189,experimental,,,
mobile,shared/ui/mobile/loader/mobile-loader.ts,Component,ili-loader,MobileLoader,,,true,false,false,0,sin-consumidores,,,
mobile,shared/ui/mobile/menu/menu.ts,Component,ili-menu,MobileMenu,,,false,false,false,0,sin-consumidores,,,
mobile,shared/ui/mobile/menubar/menubar.ts,Component,ili-menubar,MobileMenubar,,,true,true,false,0,sin-consumidores,,,
mobile,shared/ui/mobile/message/message.ts,Component,ili-message,MobileMessage,,,true,true,false,0,sin-consumidores,,,
mobile,shared/ui/mobile/modal/modal.ts,Component,ili-modal,MobileModal,,,true,false,false,0,sin-consumidores,,,
mobile,shared/ui/mobile/multi-select/multi-select.ts,Component,ili-multi-select,MobileMultiSelect,,,false,false,false,0,sin-consumidores,,,
mobile,shared/ui/mobile/offline-indicator/offline-indicator.ts,Component,ili-offline-indicator,MobileOfflineIndicator,,,true,false,false,0,sin-consumidores,,,
mobile,shared/ui/mobile/page/page.ts,Component,ili-page,MobilePage,fullscreen|background,,true,false,false,4,candidato-stable,,,
mobile,shared/ui/mobile/paginator/paginator.ts,Component,ili-paginator,MobilePaginator,,,true,false,false,0,sin-consumidores,,,
mobile,shared/ui/mobile/popover/popover.ts,Component,ili-popover,MobilePopover,,,true,false,false,0,sin-consumidores,,,
mobile,shared/ui/mobile/processing-overlay/processing-overlay.ts,Component,ili-processing-overlay,MobileProcessingOverlay,,,true,false,false,0,sin-consumidores,,,
mobile,shared/ui/mobile/progress-bar/progress-bar.ts,Component,ili-progress-bar,MobileProgressBar,,,true,false,false,0,sin-consumidores,,,
mobile,shared/ui/mobile/pull-to-refresh/pull-to-refresh.ts,Component,ili-pull-to-refresh,MobilePullToRefresh,,,true,false,false,0,sin-consumidores,,,
mobile,shared/ui/mobile/radio-button/radio-button.ts,Component,ili-radio-button,MobileRadioButton,value|control|inputId|customClass|disabled,,false,false,false,0,sin-consumidores,,,
mobile,shared/ui/mobile/rating/rating.ts,Component,ili-rating,MobileRating,,,true,false,false,0,sin-consumidores,,,
mobile,shared/ui/mobile/sidebar/sidebar.ts,Component,ili-sidebar,MobileSidebar,,,true,true,false,0,sin-consumidores,,,
mobile,shared/ui/mobile/skeleton/skeleton.ts,Component,ili-skeleton,MobileSkeleton,,,false,false,false,0,sin-consumidores,,,
mobile,shared/ui/mobile/spinner/spinner.ts,Component,ili-spinner,MobileSpinner,,,true,true,false,0,sin-consumidores,,,
mobile,shared/ui/mobile/split-button/split-button.ts,Component,ili-split-button,MobileSplitButton,,,false,false,false,0,sin-consumidores,,,
mobile,shared/ui/mobile/status-badge/status-badge.ts,Component,ili-status-badge,MobileStatusBadge,,,true,false,false,0,sin-consumidores,,,
mobile,shared/ui/mobile/stepper/stepper.ts,Component,ili-stepper,MobileStepper,,,true,false,false,0,sin-consumidores,,,
mobile,shared/ui/mobile/steps/steps.ts,Component,ili-steps,MobileSteps,,,false,false,false,0,sin-consumidores,,,
mobile,shared/ui/mobile/swipe-actions/swipe-actions.ts,Component,ili-swipe-actions,MobileSwipeActions,,,true,false,false,0,sin-consumidores,,,
mobile,shared/ui/mobile/table/table.ts,Component,ili-table,MobileTable,,,true,false,false,0,sin-consumidores,,,
mobile,shared/ui/mobile/tabs/tabs.ts,Component,ili-tabs,MobileTabs,navOnly,,true,true,false,0,sin-consumidores,,,
mobile,shared/ui/mobile/tag/tag.ts,Component,ili-tag,MobileTag,,,true,false,false,0,sin-consumidores,,,
mobile,shared/ui/mobile/tap-to-top/tap-to-top.ts,Component,ili-tap-to-top,MobileTapToTop,,,true,false,false,0,sin-consumidores,,,
mobile,shared/ui/mobile/timeline/timeline.ts,Component,ili-timeline,MobileTimeline,,,true,false,false,0,sin-consumidores,,,
mobile,shared/ui/mobile/toast/toast.ts,Component,ili-toast,MobileToast,,,true,false,false,0,sin-consumidores,,,
mobile,shared/ui/mobile/toolbar/toolbar.ts,Component,ili-toolbar,MobileToolbar,,,false,false,false,0,sin-consumidores,,,
mobile,shared/ui/mobile/tooltip/tooltip.ts,Component,ili-tooltip,MobileTooltip,,,true,false,false,0,sin-consumidores,,,
mobile,shared/ui/mobile/tree/tree.ts,Component,ili-tree,MobileTree,,,true,false,false,0,sin-consumidores,,,
mobile,shared/ui/mobile/pdf-viewer-trigger-mobile/pdf-viewer-trigger-mobile.ts,Component,lux-pdf-viewer-trigger-mobile,PdfViewerTriggerMobile,url|fileName|label|iconClass|displayMode|variant|color|fill|size|styleClass|ariaLabel|disabled|loading,clicked,false,false,false,2,experimental,,,
primitives,shared/ui/primitives/action-icons-group/action-icons-group.component.ts,Component,lux-action-icons-group,ActionIconsGroupComponent,,,true,false,false,0,sin-consumidores,,,
primitives,shared/ui/primitives/activity-log/activity-log.ts,Component,lux-activity-log,ActivityLog,title|entries|groupByDate,,true,false,false,0,sin-consumidores,,,
primitives,shared/ui/primitives/breakdown-list/breakdown-list.ts,Component,lux-breakdown-list,AppBreakdownList,total|format|decimals|showSummaryBar,,false,true,false,2,experimental,,,
primitives,shared/ui/primitives/app-icon/app-icon.ts,Component,lux-icon-base,AppIcon,icon,,true,false,false,10,candidato-stable,,,
primitives,shared/ui/primitives/inventory-level/inventory-level.ts,Component,lux-inventory-level,AppInventoryLevel,sku|icon|reorderPoint|maxCapacity,,true,false,false,0,sin-consumidores,,,
primitives,shared/ui/primitives/ranked-list/ranked-list.ts,Component,lux-ranked-list,AppRankedList,heading|total|accent|format|decimals|emptyMessage|maxHeight|interactive,itemSelected,false,false,false,3,experimental,,,
primitives,shared/ui/primitives/realtime-indicator/realtime-indicator.ts,Component,lux-realtime-indicator,AppRealtimeIndicator,status|lastUpdate|latencyMs|label,,true,true,false,0,sin-consumidores,,,
primitives,shared/ui/primitives/approval-workflow/approval-workflow.ts,Component,lux-approval-workflow,ApprovalWorkflow,,,true,false,false,0,sin-consumidores,,,
primitives,shared/ui/primitives/stat-card/stat-card.ts,Component,lux-stat-card,AppStatCard,orientation|sparkline|icon|iconColor|iconBg|prefix|suffix|subtitle|trend|format|decimal,,true,false,false,5,candidato-stable,,,
primitives,shared/ui/primitives/tristate-switch/tristate-switch.ts,Component,lux-tristate-switch,AppTristateSwitch,label|hint|disabled,changed,true,true,false,0,sin-consumidores,,,
primitives,shared/ui/primitives/avatar-group/avatar-group.ts,Component,lux-avatar-group,AvatarGroup,maxVisible,,true,false,false,0,sin-consumidores,,,
primitives,shared/ui/primitives/focus-trap/focus-trap.ts,Directive,[appFocusTrap],FocusTrap,active,,true,false,false,0,sin-consumidores,,,
primitives,shared/ui/primitives/gauge/gauge.ts,Component,lux-gauge,Gauge,min|max|size|thickness|prefix|suffix|label|format|colorLow|colorMid|colorHigh|trackColor,,true,false,false,0,sin-consumidores,,,
primitives,shared/ui/primitives/kpi-card/kpi-card.ts,Component,lux-kpi-card,KpiCard,icon|iconColor|prefix|suffix|subtitle|trend|format|decimal|clickable,,true,false,false,0,sin-consumidores,,,
primitives,shared/ui/primitives/lead-scoring/lead-scoring.ts,Component,lux-lead-scoring,LeadScoring,,,true,false,false,0,sin-consumidores,,,
primitives,shared/ui/primitives/multiple-segmented-control/multiple-segmented-control.ts,Component,lux-multiple-segmented-control,MultipleSegmentedControl,items|ariaLabel,changed,false,true,false,1,experimental,,,
primitives,shared/ui/primitives/order-status/order-status.ts,Component,lux-order-status,OrderStatus,vertical,,true,false,false,0,sin-consumidores,,,
primitives,shared/ui/primitives/segmented-control/segmented-control.ts,Component,lux-segmented-control,SegmentedControl,items|ariaLabel,changed,true,true,false,7,candidato-stable,,,
primitives,shared/ui/primitives/tour/tour.ts,Component,lux-tour,Tour,,,true,false,false,0,sin-consumidores,,,
web,shared/ui/web/accordion/accordion.ts,Directive,ng-template[accordionPanel],AccordionPanel,,,true,false,false,2,candidato-stable,,,
web,shared/ui/web/action-menu/action-menu.ts,Component,lux-action-menu-web,ActionMenu,,,true,true,false,10,candidato-stable,,,
web,shared/ui/web/charts/advanced-pie-chart.ts,Component,lux-advanced-pie-chart-web,AdvancedPieChart,dataGrafico|colorScheme,,true,false,false,3,candidato-stable,,,
web,shared/ui/web/avatar/avatar.ts,Component,lux-avatar-web,AppAvatar,,,false,false,false,12,experimental,,,
web,shared/ui/web/badge/badge.ts,Component,lux-badge-web,AppBadge,,,true,false,false,4,candidato-stable,,,
web,shared/ui/web/card/card.ts,Component,lux-card-web,AppCard,,,true,false,false,1,candidato-stable,,,
web,shared/ui/web/checkbox/checkbox.ts,Component,lux-checkbox-web,AppCheckbox,,,false,false,false,7,experimental,,,
web,shared/ui/web/chip/chip.ts,Component,lux-chip-web,AppChip,,,true,true,false,1,candidato-stable,,,
web,shared/ui/web/customer-360/customer-360.ts,Component,lux-customer-360-web,AppCustomer360,,action,true,false,false,0,sin-consumidores,,,
web,shared/ui/web/divider/divider.ts,Component,lux-divider-web,AppDivider,,,false,true,false,7,experimental,,,
web,shared/ui/web/editor/editor.ts,Component,lux-editor-web,AppEditor,,,false,false,false,1,experimental,,,
web,shared/ui/web/fieldset/fieldset.ts,Component,lux-fieldset-web,AppFieldset,,,false,true,false,0,sin-consumidores,,,
web,shared/ui/web/gantt/gantt.ts,Component,lux-gantt-web,AppGantt,tasks|title|startAt,taskClick,true,false,false,0,sin-consumidores,,,
web,shared/ui/web/heatmap/heatmap.ts,Component,lux-heatmap-web,AppHeatmap,data|title|showValues|minLabel|maxLabel|colorLow|colorHigh,,true,true,false,0,sin-consumidores,,,
web,shared/ui/web/image/image.ts,Component,lux-image-web,AppImage,,,true,true,false,7,candidato-stable,,,
web,shared/ui/web/image-fallback/image-fallback.ts,Component,lux-image-fallback-web,AppImageFallback,src|alt|width|height|objectFit|imageClass|fallbackIcon|fallbackIconSize|fallbackIconColor|fallbackClass,,false,false,false,2,experimental,,,
web,shared/ui/web/listbox/listbox.ts,Component,lux-listbox-web,AppListbox,,,false,false,false,0,sin-consumidores,,,
web,shared/ui/web/loader/loader.ts,Component,lux-loader-web,AppLoader,,,true,false,false,1,candidato-stable,,,
web,shared/ui/web/menu/menu.ts,Component,lux-menu-web,AppMenu,,,false,false,false,2,experimental,,,
web,shared/ui/web/message/message.ts,Component,lux-message-web,AppMessage,,,true,true,false,5,candidato-stable,,,
web,shared/ui/web/multi-select/multi-select.ts,Component,lux-multi-select-web,AppMultiSelect,,,false,false,false,0,sin-consumidores,,,
web,shared/ui/web/paginator/paginator.ts,Component,lux-paginator-web,AppPaginator,,,true,true,false,1,candidato-stable,,,
web,shared/ui/web/panel/panel.ts,Component,lux-panel-web,AppPanel,,,false,true,false,1,experimental,,,
web,shared/ui/web/popover/popover.ts,Component,lux-popover-web,AppPopover,,,true,false,false,4,candidato-stable,,,
web,shared/ui/web/processing-overlay/processing-overlay.ts,Component,lux-processing-overlay-web,AppProcessingOverlay,,,true,false,false,0,sin-consumidores,,,
web,shared/ui/web/progress-bar/progress-bar.ts,Component,lux-progress-bar-web,AppProgressBar,,,true,true,false,2,candidato-stable,,,
web,shared/ui/web/radio-button/radio-button.ts,Component,lux-radio-button-web,AppRadioButton,value|control|inputId|customClass|disabled,,false,false,false,4,experimental,,,
web,shared/ui/web/rating/rating.ts,Component,lux-rating-web,AppRating,,,true,true,false,0,sin-consumidores,,,
web,shared/ui/web/select-button/select-button.ts,Component,lux-select-button-web,AppSelectButton,,,false,true,false,3,experimental,,,
web,shared/ui/web/skeleton/skeleton.ts,Component,lux-skeleton-web,AppSkeleton,,,false,false,false,4,experimental,,,
web,shared/ui/web/lux-table/lux-table.ts,Directive,[appSortableColumn],AppSortableColumn,alignFrozen|value|loading|lazy|paginator|rows|rowsPerPageOptions|totalRecords|showCurrentPageReport|currentPageReportTemplate|globalFilterFields|scrollable|scrollHeight|size|initialSortField|initialSortOrder|groupRowsBy|dataKey|reorderableRows|reorderableColumns,onPage|onRowReorder|onLazyLoad,false,true,false,0,sin-consumidores,,,
web,shared/ui/web/spinner/spinner.ts,Component,lux-spinner-web,AppSpinner,,,true,true,false,7,candidato-stable,,,
web,shared/ui/web/split-button/split-button.ts,Component,lux-split-button-web,AppSplitButton,,,false,false,false,0,sin-consumidores,,,
web,shared/ui/web/steps/steps.ts,Component,lux-steps-web,AppSteps,,,false,true,false,0,sin-consumidores,,,
web,shared/ui/web/tag/tag.ts,Component,lux-tag-web,AppTag,,,true,false,false,14,candidato-stable,,,
web,shared/ui/web/territory-map/territory-map.ts,Component,lux-territory-map-web,AppTerritoryMap,territories|title,territoryClick,true,false,false,0,sin-consumidores,,,
web,shared/ui/web/toast/toast.ts,Component,lux-toast-web,AppToast,,,false,true,false,0,sin-consumidores,,,
web,shared/ui/web/toggle-switch/toggle-switch.ts,Component,lux-toggle-switch-web,AppToggleSwitch,,,false,true,false,2,experimental,,,
web,shared/ui/web/toolbar/toolbar.ts,Component,lux-toolbar-web,AppToolbar,,,false,false,false,5,experimental,,,
web,shared/ui/web/bitacora-filtro-fecha/bitacora-filtro-fecha-form.ts,Component,lux-bitacora-filtro-fecha-form-web,BitacoraFiltroFechaForm,,,true,false,false,4,candidato-stable,,,
web,shared/ui/web/breadcrumbs/breadcrumbs.ts,Component,lux-breadcrumbs-web,Breadcrumbs,,,true,true,false,3,candidato-stable,,,
web,shared/ui/web/title-solicitud-pago-pdf/cabecera-solicitud-pago-pdf.ts,Component,lux-cabecera-solicitud-pago-pdf-web,CabeceraSolicitudPagoPdf,titulo|folio|factura,,true,false,true,0,revisar-dependencia-core,,,
web,shared/ui/web/rango-calendario-mes-anio/calendar-range.ts,Component,lux-calendar-range-web,CalendarRange,,,true,false,false,2,candidato-stable,,,
web,shared/ui/web/carousel/carousel.ts,Component,lux-carousel-web,Carousel,,,true,false,false,2,candidato-stable,,,
web,shared/ui/web/charts/chart-wrapper.ts,Component,lux-chart-wrapper-web,ChartWrapper,type|title|height|width|showLegend|showGrid,,true,false,false,6,candidato-stable,,,
web,shared/ui/web/comparison-table/comparison-table.ts,Component,lux-comparison-table-web,ComparisonTable,highlightColumn|scrollable|showCheckmark,,true,false,false,0,sin-consumidores,,,
web,shared/ui/web/confirm-dialog/confirm-dialog.ts,Component,lux-confirm-dialog-web,ConfirmDialog,,,true,true,false,0,sin-consumidores,,,
web,shared/ui/web/charts/custom-bar-chart.ts,Component,lux-custom-bar-chart-web,CustomBarChart,dataSignal|chartType,,true,false,false,3,candidato-stable,,,
web,shared/ui/web/dashboard-layout/dashboard-layout.ts,Component,lux-dashboard-layout-web,DashboardLayout,columns,,true,false,false,0,sin-consumidores,,,
web,shared/ui/web/data-grid/data-grid.ts,Component,lux-data-grid-web,DataGrid,dataKey|loading|selectionMode|paginator|rows|rowsPerPageOptions|totalRecords|globalFilter|globalFilterFields|scrollable|scrollHeight|editMode|reorderableColumns|lazy|title|showActions|emptyMessage,onPage|onFilter|addRow|editRow|deleteRow,true,false,false,1,candidato-stable,,,
web,shared/ui/web/dialog/dialog.ts,Component,lux-dialog-web,Dialog,,,true,true,false,0,sin-consumidores,,,
web,shared/ui/web/document-previewer/document-previewer.ts,Component,lux-document-previewer-web,DocumentPreviewer,src|fileName|downloadUrl|printable,,true,false,false,0,sin-consumidores,,,
web,shared/ui/web/empty-state/empty-state.ts,Component,lux-empty-state-web,EmptyState,,,true,false,false,1,candidato-stable,,,
web,shared/ui/web/file-upload/file-upload.ts,Component,lux-file-upload-web,FileUpload,chooseLabel|accept|maxFileSize|multiple|autoUpload|mobileSource,filesChange|upload|onSelect,true,true,false,5,candidato-stable,,,
web,shared/ui/web/funnel-chart/funnel-chart.ts,Component,lux-funnel-chart-web,FunnelChart,title|colors,,true,false,false,1,candidato-stable,,,
web,shared/ui/web/charts/google-pie-chart4.ts,Component,lux-google-pie-chart4-web,GooglePieChart4,title|subtitle|embedded,,false,true,false,2,experimental,,,
web,shared/ui/web/header-customer/haeder-customer.ts,Component,lux-header-customer-web,HeaderCustomer,title|subTitle,,false,false,true,0,revisar-dependencia-core,,,
web,shared/ui/web/infinite-scroll/infinite-scroll.ts,Component,lux-infinite-scroll-web,InfiniteScroll,,,true,false,false,1,candidato-stable,,,
web,shared/ui/web/lux-table-caption/lux-table-caption.ts,Component,lux-table-caption,LuxTableCaption,dt|showAdd|label|rolAuth|viewNavigateButton|isDataView|showSearch|noMargin|noPadding|listenGlobalFilter,add|search,true,false,false,0,sin-consumidores,,,
web,shared/ui/web/lux-table-checkbox/lux-table-checkbox.ts,Component,lux-table-checkbox,LuxTableCheckbox,checked|disabled|binary|value|control,checkedChange,false,false,false,0,sin-consumidores,,,
web,shared/ui/web/section-nav/section-nav.ts,Component,lux-section-nav,LxSectionNav,items|activeValue|ariaLabel,valueChange|itemSelected,false,true,false,1,experimental,,,
web,shared/ui/web/menubar/menubar.ts,Component,lux-menubar-web,Menubar,,,true,false,false,0,sin-consumidores,,,
web,shared/ui/web/mesanio/mesanio.ts,Component,lux-mesanio-web,Mesanio,,periodoEmit,true,false,false,0,sin-consumidores,,,
web,shared/ui/web/module-guide/module-guide.ts,Component,lux-module-guide-web,ModuleGuide,,,false,false,false,0,sin-consumidores,,,
web,shared/ui/web/charts/multi-axis-chart.ts,Component,lux-multi-axis-chart-web,MultiAxisChart,dataSignal,,true,false,false,2,candidato-stable,,,
web,shared/ui/web/offline-indicator/offline-indicator.ts,Component,lux-offline-indicator-web,OfflineIndicator,,,true,false,false,0,sin-consumidores,,,
web,shared/ui/web/title-page-report/page-title-report.ts,Component,page-title-report,PageTitleReport,title|periodo,,true,false,true,5,revisar-dependencia-core,,,
web,shared/ui/web/title-page-report-maintenance/page-title-report-maintenance.ts,Component,page-title-report-maintenance,PageTitleReportMaintenance,title,,true,false,false,8,candidato-stable,,,
web,shared/ui/web/pdf-viewer-modal/pdf-viewer-modal.ts,Component,lux-pdf-viewer-modal-web,PdfViewerModal,,,true,false,true,18,revisar-dependencia-core,,,
web,shared/ui/web/pdf-viewer-trigger/pdf-viewer-trigger.ts,Component,lux-pdf-viewer-trigger,PdfViewerTrigger,url|fileName|label|iconClass|displayMode|severity|variant|size|tooltip|ariaLabel|styleClass|disabled|loading,clicked,false,false,false,46,experimental,,,
web,shared/ui/web/charts/pie-chart.ts,Component,lux-pie-chart-web,PieChart,dataGrafico|colorScheme|view,,true,false,false,3,candidato-stable,,,
web,shared/ui/web/pivot-table/pivot-table.ts,Component,lux-pivot-table-web,PivotTable,title,,true,false,false,0,sin-consumidores,,,
web,shared/ui/web/pull-to-refresh/pull-to-refresh.ts,Component,lux-pull-to-refresh-web,PullToRefresh,,,true,false,false,0,sin-consumidores,,,
web,shared/ui/web/charts/radar-chart.ts,Component,lux-radar-chart-web,RadarChart,chartData|chartOptions,,true,false,false,1,candidato-stable,,,
web,shared/ui/web/rango-calendario-yyyymmdd/rango-calendario-yyyymmdd.ts,Component,lux-rango-calendario-yyyymmdd-web,RangoCalendarioyyyymmdd,mostrarLabelDesde|mostrarLabelHasta,,true,false,false,8,candidato-stable,,,
web,shared/ui/web/report-header/report-header.ts,Component,lux-report-header-web,ReportHeader,nameCustomerInput|logoCustomerInput,,true,false,true,9,revisar-dependencia-core,,,
web,shared/ui/web/tap-to-top/tap-to-top.ts,Component,lux-scroll-top-web,ScrollTop,,,true,true,false,0,sin-consumidores,,,
web,shared/ui/web/sidebar/sidebar.ts,Component,lux-sidebar-web,Sidebar,,,true,true,false,0,sin-consumidores,,,
web,shared/ui/web/status-badge/status-badge.ts,Component,lux-status-badge-web,StatusBadge,,,true,false,false,5,candidato-stable,,,
web,shared/ui/web/swipe-actions/swipe-actions.ts,Component,lux-swipe-actions-web,SwipeActions,,,true,false,false,0,sin-consumidores,,,
web,shared/ui/web/lux-table-empty-message/lux-table-empty-message.ts,Component,lux-table-empty-message,TableEmptyMessage,colspan|icon|iconColor|title|message|tag|actionLabel|actionIcon|actionSeverity,,true,false,false,0,sin-consumidores,,,
web,shared/ui/web/lux-table-footer/lux-table-footer.ts,Component,lux-table-footer,TableFooter,data,,true,false,false,0,sin-consumidores,,,
web,shared/ui/web/lux-table-global-filter/lux-table-global-filter.ts,Component,lux-table-global-filter,TableGlobalFilter,dt,,true,false,false,0,sin-consumidores,,,
web,shared/ui/web/tabs/tabs.ts,Component,lux-tabs-web,Tabs,navOnly,,true,false,false,2,candidato-stable,,,
web,shared/ui/web/timeline/timeline.ts,Component,lux-timeline-web,Timeline,,,true,false,false,0,sin-consumidores,,,
web,shared/ui/web/touchspin/touchspin.ts,Component,lux-touchspin-web,Touchspin,minValue|maxValue|step|disabled|outlined,valueChanged,true,false,false,0,sin-consumidores,,,
web,shared/ui/web/tree/tree.ts,Component,lux-tree-web,Tree,,,true,false,false,1,candidato-stable,,,
